GEO_ID,NAME,Median income (dollars)!!Estimate!!Households,Total!!Estimate!!Households,Median income (dollars)!!Estimate!!One race!!Black or African American,Median income (dollars)!!Estimate!!One race!!American Indian and Alaska Native,Median income (dollars)!!Estimate!!One race!!Asian,Median income (dollars)!!Estimate!!Hispanic or Latino origin (of any race),"Median income (dollars)!!Estimate!!White alone, not Hispanic or Latino",Median income (dollars)!!Estimate!!HOUSEHOLD INCOME BY AGE OF HOUSEHOLDER!!15 to 24 years,Median income (dollars)!!Estimate!!HOUSEHOLD INCOME BY AGE OF HOUSEHOLDER!!25 to 44 years,Median income (dollars)!!Estimate!!HOUSEHOLD INCOME BY AGE OF HOUSEHOLDER!!45 to 64 years,Median income (dollars)!!Estimate!!HOUSEHOLD INCOME BY AGE OF HOUSEHOLDER!!65 years and over,Median income (dollars)!!Estimate!!FAMILIES!!Families,Median income (dollars)!!Estimate!!NONFAMILY HOUSEHOLDS!!Nonfamily households
01003,"Baldwin County, Alabama",52003,72269,29810,53559,-,N,53457,51741,50270,58790,46814,65855,30964
01015,"Calhoun County, Alabama",42346,44323,25618,-,N,45322,50667,17135,44205,51786,39528,53927,24914
01043,"Cullman County, Alabama",37862,30798,N,-,120052,27123,38196,24302,39647,46639,29960,42825,20405
01049,"DeKalb County, Alabama",36559,26247,23409,N,-,32006,38754,32104,44538,42298,26063,43560,16779
01051,"Elmore County, Alabama",52502,29615,43297,-,N,26625,59483,28264,63820,66845,34530,68782,28121
01055,"Etowah County, Alabama",43346,39332,35327,-,-,N,44447,32254,47919,49089,32142,51350,25461
01069,"Houston County, Alabama",43553,38870,27921,63833,33424,43494,50696,22909,45079,50259,37058,52454,26907
01073,"Jefferson County, Alabama",48492,264781,32375,N,58563,43615,64294,21799,50535,59496,36906,63321,30154
01077,"Lauderdale County, Alabama",42577,38762,22707,-,-,27756,45721,21854,41392,57361,37040,57028,22382
01081,"Lee County, Alabama",46589,58191,27705,-,51224,30358,53968,14336,49718,69249,41429,63485,20747
01083,"Limestone County, Alabama",55009,31590,63604,-,N,41519,52497,20877,52102,77241,39337,68211,30977
01089,"Madison County, Alabama",58636,140959,37236,75059,83410,28220,67464,16869,56421,72042,48829,76469,35092
01095,"Marshall County, Alabama",40525,33972,38161,-,-,22096,44248,21643,39473,47782,36774,49981,21918
01097,"Mobile County, Alabama",42699,152938,29596,22150,41534,37700,54513,19297,47162,50758,37437,56732,24260
01101,"Montgomery County, Alabama",42477,90103,32787,-,55250,46471,61192,17064,38247,60914,39277,52943,30054
01103,"Morgan County, Alabama",47229,46990,26850,N,N,41453,53975,15500,51879,53442,38280,58750,28348
01115,"St. Clair County, Alabama",54484,31856,N,-,94811,N,54313,35817,63312,58399,38106,63270,32836
01117,"Shelby County, Alabama",70192,76798,62335,101378,N,39099,71711,27223,72948,85707,51043,85625,37524
01121,"Talladega County, Alabama",34451,31379,25609,-,-,-,40521,29132,40013,43281,28234,45890,20796
01125,"Tuscaloosa County, Alabama",49067,71195,32840,10688,N,50035,57415,20580,51933,56712,42686,59248,27969
01127,"Walker County, Alabama",35056,24452,25216,-,29051,30330,35988,16413,31324,49389,29003,49092,19777
02020,"Anchorage Municipality, Alaska",78662,104936,52261,52375,68456,63151,89805,41536,78594,98267,67599,94419,53809
02090,"Fairbanks North Star Borough, Alaska",72975,35475,52055,46418,47885,50061,77181,35047,71227,92593,60135,88211,46935
02170,"Matanuska-Susitna Borough, Alaska",76427,30665,N,60432,75729,91411,78650,28137,79698,86509,47643,87320,40961
04001,"Apache County, Arizona",29417,19855,-,25348,-,N,46403,"2,500-",38766,32485,21955,33365,16986
04003,"Cochise County, Arizona",43291,50202,76295,N,N,36839,47551,31023,52336,47367,37157,55443,23404
04005,"Coconino County, Arizona",53152,45911,N,45062,N,49321,62736,16240,66933,68536,40016,71254,28862
04013,"Maricopa County, Arizona",56004,1480327,40343,41176,75377,41528,62303,28813,58452,68173,44369,66305,37133
04015,"Mohave County, Arizona",40908,83801,N,35657,N,38792,41655,40502,47848,42173,38266,47035,25416
04017,"Navajo County, Arizona",37833,33772,45771,25055,35799,25700,50182,16332,34373,45349,37152,46714,20024
04019,"Pima County, Arizona",47099,395992,33409,29424,48815,39226,53325,22463,50252,56683,41940,57542,31191
04021,"Pinal County, Arizona",50770,128395,41844,N,55580,47485,52193,27178,56857,53579,42350,58723,28971
04025,"Yavapai County, Arizona",48105,94920,N,39150,85198,40460,49786,29898,55048,50497,46035,57859,27678
04027,"Yuma County, Arizona",40539,71751,31978,20625,91086,35370,45171,28032,44597,47698,35918,44552,26246
05007,"Benton County, Arkansas",58770,91670,47100,31806,71949,45152,60888,44433,67192,65373,42360,67268,36728
05031,"Craighead County, Arkansas",40085,39826,24900,-,N,30657,46239,20539,46686,44896,35143,53304,23666
05045,"Faulkner County, Arkansas",50596,44011,24148,N,84032,N,53878,26920,50639,67752,39558,65391,25576
05051,"Garland County, Arkansas",37013,40134,19791,N,N,37756,37520,20093,38714,37326,36314,50006,21941
05069,"Jefferson County, Arkansas",35381,26512,29613,-,-,32125,46261,13870,34958,40201,32805,43710,21117
05085,"Lonoke County, Arkansas",56893,26422,27390,56215,66807,N,58881,21928,57483,68417,40650,66212,21775
05119,"Pulaski County, Arkansas",46070,157401,31005,N,81379,32108,56831,34145,44959,55500,38253,59142,30431
05125,"Saline County, Arkansas",55051,43877,46246,24009,N,60266,56906,32455,56981,69432,44056,66427,30414
05131,"Sebastian County, Arkansas",40448,50203,24030,N,31259,35797,43613,20912,41944,49043,30283,52342,23851
05143,"Washington County, Arkansas",46160,82905,19197,41565,85641,40175,49999,24594,49350,56509,41872,57206,27604
05145,"White County, Arkansas",38986,28895,N,-,-,60817,38895,7129,55153,40873,35167,53615,20934
06001,"Alameda County, California",81717,571828,42101,63312,101882,63487,98439,36939,90499,96433,52154,97732,51140
06007,"Butte County, California",45644,85289,24863,70370,45989,39303,47045,14173,48855,56666,42155,57413,26250
06013,"Contra Costa County, California",83104,391996,52536,61292,101582,61686,96359,29722,85156,100711,60480,100260,50053
06017,"El Dorado County, California",79019,67544,93011,N,153125,70380,77670,32243,74462,96266,63159,95776,36332
06019,"Fresno County, California",46949,304209,24305,29975,56845,37255,60886,24586,45684,57382,40557,52651,29423
06023,"Humboldt County, California",40484,53553,N,30031,24282,27292,42872,23810,40973,47110,37360,51937,26149
06025,"Imperial County, California",40852,45158,N,63688,N,37971,48668,31771,48074,48727,25050,45762,17855
06029,"Kern County, California",51342,263273,36305,37652,81215,39766,63627,26361,49551,62625,40726,55694,32155
06031,"Kings County, California",45746,42692,31106,39393,90678,39144,60191,35296,48276,58030,35881,52557,30969
06033,"Lake County, California",37294,26335,22612,N,60852,34534,42172,24043,48777,35009,32742,47536,23145
06037,"Los Angeles County, California",59134,3293095,43555,50222,70442,46849,77427,32350,60832,68806,43588,65789,41305
06039,"Madera County, California",47150,45224,52566,58224,54189,40802,56298,46680,45985,55188,43652,52348,38688
06041,"Marin County, California",100662,105887,46279,N,78343,54510,111532,87644,110149,122270,74469,127900,60607
06045,"Mendocino County, California",41896,35264,-,38129,N,31421,51790,26346,37162,45402,40246,57506,26018
06047,"Merced County, California",41997,79098,36699,54539,50448,37584,48507,21477,39869,51756,38390,45768,24540
06053,"Monterey County, California",60494,126904,54360,83088,73350,51290,76776,31773,55947,76210,55566,65588,42713
06055,"Napa County, California",75513,49619,N,35382,97125,55693,84480,48842,72192,96409,59564,84009,49514
06057,"Nevada County, California",54177,41381,-,41768,N,52075,53032,50266,51800,81250,41032,66424,38554
06059,"Orange County, California",78428,1022542,72929,56837,82459,57905,89254,30972,81917,92126,53852,87942,49173
06061,"Placer County, California",75708,137500,100215,30300,105741,56549,76746,41385,87115,98520,51470,94141,41744
06065,"Riverside County, California",58292,714728,51693,51951,70049,49567,65583,30456,60652,70293,43756,65913,35886
06067,"Sacramento County, California",58942,530497,39086,51516,63288,47983,66940,25266,59939,71052,47284,69826,37603
06071,"San Bernardino County, California",53803,628798,39812,33848,72633,50361,58849,29132,55406,63760,41264,59752,32174
06073,"San Diego County, California",67320,1113610,52322,44867,87339,50932,76347,34708,70049,80883,51676,77653,47014
06075,"San Francisco County, California",92094,356916,32202,54564,81198,58368,120606,49078,127061,90137,43795,105924,79296
06077,"San Joaquin County, California",53705,223062,37976,55668,66987,46831,61900,26724,55154,62757,40279,60416,30720
06079,"San Luis Obispo County, California",62648,104760,53294,N,N,53703,66908,16289,65444,81259,54263,76467,41682
06081,"San Mateo County, California",101272,263280,60298,79727,113399,63811,115889,41372,116157,113814,64886,115016,65976
06083,"Santa Barbara County, California",63625,144261,43611,66957,64275,50722,79840,33366,61998,90264,53130,75497,41432
06085,"Santa Clara County, California",102340,633786,70811,55956,125474,64455,115890,49595,120380,121963,55641,118814,65113
06087,"Santa Cruz County, California",65139,93317,52246,41670,60095,45411,74093,23589,57001,86048,54328,77255,44681
06089,"Shasta County, California",46693,69799,40916,40868,82074,39264,47394,24712,48638,56883,41174,58303,28723
06095,"Solano County, California",67443,145502,48174,51955,79912,61083,73959,41230,62463,84359,51309,79464,40838
06097,"Sonoma County, California",66674,190662,80776,56950,65567,55675,71245,35121,66156,80658,57019,79788,45807
06099,"Stanislaus County, California",52363,171960,40100,N,65406,49855,56435,34141,55417,61445,41048,57631,33528
06101,"Sutter County, California",52277,32901,N,56776,66634,34578,59789,28016,43043,70131,37965,56861,29922
06107,"Tulare County, California",42413,134801,N,37462,36971,34473,57843,24918,46696,51262,35066,46689,27465
06111,"Ventura County, California",80032,269566,89948,90139,105385,60105,91457,38931,76329,98293,60394,91112,50011
06113,"Yolo County, California",58966,73754,31172,N,47983,52007,65836,18592,62771,76695,50446,80699,30830
06115,"Yuba County, California",50451,25361,80816,-,51667,44369,50824,34986,51606,53135,50120,57119,36333
08001,"Adams County, Colorado",63493,159313,35557,64368,66608,48691,74544,40495,66949,72547,45656,71053,41250
08005,"Arapahoe County, Colorado",67002,233937,50359,45175,70831,50851,73330,41826,70369,79391,53742,82049,45305
08013,"Boulder County, Colorado",72009,124615,66554,41567,92047,46388,75802,26970,79131,96904,52387,103037,43958
08014,"Broomfield County, Colorado",84921,25557,-,-,100699,82846,81627,31853,87337,110180,47461,98918,50672
08031,"Denver County, Colorado",58003,287074,37724,24556,44306,42969,71474,35755,66527,65987,40213,72455,46240
08035,"Douglas County, Colorado",107650,118613,91278,N,108588,93923,110363,52810,115025,123270,70270,121351,55885
08041,"El Paso County, Colorado",60109,252169,53050,30796,70167,41160,63301,33979,59400,76945,46898,73700,33935
08059,"Jefferson County, Colorado",71136,226920,41043,65486,64428,51815,76474,40224,78163,82307,49372,89391,43744
08069,"Larimer County, Colorado",64919,129210,75234,64233,41704,55860,65976,31754,74137,80939,48961,80757,38618
08077,"Mesa County, Colorado",51465,59066,82991,-,120973,44471,52060,20635,56612,61154,45832,60630,32266
08101,"Pueblo County, Colorado",40050,61876,50040,35601,31132,35361,46270,18358,42262,51092,34941,52495,24952
08123,"Weld County, Colorado",70256,97822,N,46410,N,47490,75541,31492,71888,82473,47131,78222,38817
09001,"Fairfield County, Connecticut",86414,333528,45521,43538,110570,48679,102183,21881,90425,105530,55684,105514,45454
09003,"Hartford County, Connecticut",69622,343884,46163,52297,86347,36376,81423,34677,75116,85112,46979,87080,38602
09005,"Litchfield County, Connecticut",70667,73360,51647,-,83056,70131,71313,40949,70585,87237,45524,91814,40154
09007,"Middlesex County, Connecticut",83530,65375,46515,-,98456,75500,86297,38288,90228,100266,47845,102553,47582
09009,"New Haven County, Connecticut",61760,323270,37939,31850,82578,40399,71863,32296,60621,80922,45403,81778,40011
09011,"New London County, Connecticut",65764,105376,50305,52564,75217,37489,71042,34412,62024,81205,57361,82064,41100
09013,"Tolland County, Connecticut",82168,55354,39113,-,70775,70948,85650,16250,91315,102986,51806,103365,40236
09015,"Windham County, Connecticut",62905,43556,40450,55345,N,57399,65292,39815,64708,80590,40354,75372,41503
10001,"Kent County, Delaware",56778,62477,57502,48565,N,37933,58398,30985,60132,65970,43946,66755,31950
10003,"New Castle County, Delaware",66256,202813,47694,26642,107816,50812,72198,37111,70540,80221,47863,82208,39131
10005,"Sussex County, Delaware",55065,87305,36041,34162,72367,37162,59005,46167,56478,67823,47972,65196,40219
11001,"District of Columbia, District of Columbia",75628,281787,41522,N,93877,65973,124801,32609,90877,75805,48571,94846,62840
12001,"Alachua County, Florida",47895,96427,29168,41046,60396,36479,56755,12985,57680,60492,45624,68487,25632
12005,"Bay County, Florida",48259,69337,24413,127526,47101,45612,51983,25230,53485,55915,38225,61374,32585
12009,"Brevard County, Florida",50416,225682,36233,63089,56022,45258,53219,22270,56321,60265,43434,61459,34774
12011,"Broward County, Florida",53926,673870,43736,36185,62192,54643,59298,29578,56471,63195,36892,62372,36076
12015,"Charlotte County, Florida",45492,72671,33498,7137,51525,19411,47119,39446,41177,50786,42109,55335,27098
12017,"Citrus County, Florida",40294,60541,N,N,59097,35125,39967,21701,45735,44239,37339,49705,22418
12019,"Clay County, Florida",58676,71733,56922,98004,66136,54987,59031,41308,61413,67665,46098,67618,30876
12021,"Collier County, Florida",62126,134906,40746,N,75094,42408,70645,27966,52033,68905,64547,71195,41379
12023,"Columbia County, Florida",47808,24238,41227,-,N,70662,50066,16016,52124,50349,42399,60796,26541
12031,"Duval County, Florida",49554,343467,34883,N,65974,44642,56694,31498,49900,60019,41458,61188,34187
12033,"Escambia County, Florida",46001,116814,33607,N,35853,29307,51849,33280,46743,51637,40987,59090,32370
12035,"Flagler County, Florida",48864,39281,40582,-,112643,42477,50269,35464,55585,47365,44966,55895,29273
12053,"Hernando County, Florida",43590,70713,36843,-,N,36734,44658,34135,48492,50496,37313,51305,27348
12055,"Highlands County, Florida",34242,41116,20801,-,221392,28269,39155,4580,33507,32522,35908,41606,23280
12057,"Hillsborough County, Florida",51725,503154,34671,59439,71616,41985,61968,25289,55381,61535,38637,62221,34867
12061,"Indian River County, Florida",49379,55494,36579,-,84087,48218,50280,22237,47912,59320,44848,61313,32810
12069,"Lake County, Florida",50305,126519,48134,19090,111180,48632,50332,32211,53495,59739,39754,58239,28803
12071,"Lee County, Florida",50651,263694,29807,45500,65118,40491,54029,32101,49144,56191,47455,60413,32119
12073,"Leon County, Florida",46002,109209,31612,22522,58295,24895,53772,19230,46967,61989,51847,70776,30764
12081,"Manatee County, Florida",50835,134690,37101,31471,65211,32201,53839,37211,51424,61379,41368,62371,30945
12083,"Marion County, Florida",40050,125227,29077,23906,64051,35305,41925,50115,36843,47778,38862,50674,25649
12085,"Martin County, Florida",51622,65101,31297,-,N,40416,53991,30562,52882,62025,44027,66982,31029
12086,"Miami-Dade County, Florida",43786,857712,32369,53333,61786,40853,73297,23269,50046,50497,26095,49609,25594
12087,"Monroe County, Florida",61020,31391,46488,-,-,50380,67727,57357,58681,65519,53674,80068,40653
12089,"Nassau County, Florida",52005,29674,30185,-,93325,72939,53945,40599,54214,61713,41101,57860,31513
12091,"Okaloosa County, Florida",55659,76721,42257,N,51460,51994,60187,35279,55358,61843,51490,62305,35125
12095,"Orange County, Florida",50720,457736,40041,32304,62626,40486,61261,28595,51740,60122,37441,58129,35549
12097,"Osceola County, Florida",45244,98301,38302,N,59073,39479,56988,27375,46255,55100,32699,47578,33214
12099,"Palm Beach County, Florida",56664,545780,40670,80765,71501,43872,65427,30508,59958,66196,46610,70491,35607
12101,"Pasco County, Florida",46133,192628,43031,60068,66790,50351,45554,35985,56378,52075,36318,56509,27628
12103,"Pinellas County, Florida",47618,400209,34113,46580,55067,35133,50551,28480,52068,59469,35438,63107,30942
12105,"Polk County, Florida",44061,227122,33066,46299,54912,39073,48590,31821,45491,51523,36637,50840,29833
12107,"Putnam County, Florida",31483,28165,15573,-,N,N,34507,27767,35991,29483,31941,40749,18680
12109,"St. Johns County, Florida",70379,83247,45065,N,135761,46004,72585,31179,76931,88632,48648,90871,39031
12111,"St. Lucie County, Florida",45905,108811,28694,N,67256,40096,50869,21452,53841,46887,40718,53728,29196
12113,"Santa Rosa County, Florida",59682,60861,51079,N,61660,56789,61108,24898,66174,65982,47148,65639,41322
12115,"Sarasota County, Florida",56286,177807,30427,N,52067,43699,59306,34734,61816,64646,50711,70208,36900
12117,"Seminole County, Florida",57074,162739,39046,80775,73571,40526,65362,20797,58989,73598,42177,71534,34113
12119,"Sumter County, Florida",51335,51170,21121,43420,-,26429,54300,13144,45469,63492,48881,64737,31436
12127,"Volusia County, Florida",42175,209657,26034,68550,N,33477,45294,16908,42232,49396,37939,52283,28159
13013,"Barrow County, Georgia",53156,24100,44237,-,73974,39961,56298,39624,62775,51817,37244,56865,35166
13015,"Bartow County, Georgia",50572,37016,45735,98578,-,33320,54466,28574,55768,55143,42512,55730,31311
13021,"Bibb County, Georgia",38605,59795,27486,N,81059,31491,55626,9507,38443,48576,34497,50452,23793
13031,"Bulloch County, Georgia",33477,26495,24711,-,59759,12027,40080,11052,39495,39789,51979,44525,23277
13045,"Carroll County, Georgia",43410,41251,25048,-,36461,N,46616,21357,50301,48576,32607,50446,23420
13047,"Catoosa County, Georgia",51012,24900,N,-,-,-,50989,47994,58043,55115,32586,57899,29354
13051,"Chatham County, Georgia",49252,108249,33093,N,70845,46116,59338,25706,49777,61785,37362,59347,35203
13057,"Cherokee County, Georgia",74104,82664,76881,-,56580,36335,79447,37171,76563,88019,39708,87561,44208
13059,"Clarke County, Georgia",31284,46556,22342,-,41977,32444,35710,13308,36055,37422,35857,48101,20803
13063,"Clayton County, Georgia",42120,90373,42670,-,51450,36484,47525,27547,37376,49234,43631,47188,31031
13067,"Cobb County, Georgia",70246,274468,55856,N,87465,49381,78306,32680,70132,84051,53636,82637,46171
13073,"Columbia County, Georgia",75440,46821,53576,-,101378,55689,79709,46502,69389,87874,69377,78906,56569
13077,"Coweta County, Georgia",67351,50353,41944,-,N,41579,73683,34929,71340,79593,50627,73593,38096
13089,"DeKalb County, Georgia",54057,276631,45449,35856,70676,40019,78548,21748,55850,62575,42299,63189,43760
13095,"Dougherty County, Georgia",35645,35226,29103,N,-,N,50913,9900,31422,41423,34524,41691,24467
13097,"Douglas County, Georgia",59329,48493,58453,-,N,43144,61459,31036,60387,61919,50365,63471,38773
13113,"Fayette County, Georgia",78557,39707,81975,-,75244,N,82956,19932,67025,106275,52166,97159,50300
13115,"Floyd County, Georgia",40510,34931,26960,-,N,34403,44691,12401,43520,47670,34604,51573,21978
13117,"Forsyth County, Georgia",94537,70033,85110,-,122044,54797,95886,65413,101083,109375,51946,104031,38034
13121,"Fulton County, Georgia",60291,392794,37527,37574,100214,54234,91843,20861,61243,76120,44351,81812,42482
13127,"Glynn County, Georgia",46125,34518,30828,-,-,61817,55146,15035,41350,58413,43507,52041,32480
13135,"Gwinnett County, Georgia",61732,284631,56799,N,57929,42746,75669,28199,55559,73616,50715,67159,40900
13139,"Hall County, Georgia",55009,63989,37429,-,61310,47095,59033,29284,50043,70707,46018,60909,30941
13151,"Henry County, Georgia",65342,71681,58747,-,69673,43795,71070,38991,65752,75658,47898,70257,33878
13153,"Houston County, Georgia",55044,56042,45899,N,82744,68435,61009,33659,55896,67038,38526,63595,32885
13179,"Liberty County, Georgia",36573,22282,33339,N,62885,32016,39119,26171,39249,40301,39027,38413,28582
13185,"Lowndes County, Georgia",34455,37760,23891,-,61520,30819,41572,22728,39949,39565,25965,46447,20993
13215,"Muscogee County, Georgia",41859,73961,30805,60891,59212,30373,51039,22392,47310,42993,35695,51492,25588
13217,"Newton County, Georgia",50806,35397,46206,-,N,42806,53746,32422,55434,50718,45516,57638,34818
13223,"Paulding County, Georgia",60214,50671,44249,-,N,53655,62941,25585,60229,72978,32048,69776,31430
13245,"Richmond County, Georgia",41672,71156,31109,-,42354,41435,54796,11317,43297,45525,36289,48526,26881
13247,"Rockdale County, Georgia",50761,31231,51442,-,N,30704,55843,35833,41239,65947,42768,57853,35019
13285,"Troup County, Georgia",39067,25092,21929,-,66250,48257,49016,8827,40600,44136,29102,47909,16503
13295,"Walker County, Georgia",44358,24966,21741,-,-,N,44620,34430,44353,52169,31786,48877,24820
13297,"Walton County, Georgia",57278,30369,44424,-,-,72188,62482,44710,65215,59871,50938,66431,35139
13313,"Whitfield County, Georgia",45894,34544,49454,-,58614,45240,45529,28999,45513,58471,32927,52195,26134
15001,"Hawaii County, Hawaii",60033,64201,N,N,63928,36423,60999,27746,62244,68583,45865,70367,28050
15003,"Honolulu County, Hawaii",77273,307703,68663,130584,80114,64230,80284,36388,76595,92458,68608,91111,46035
15007,"Kauai County, Hawaii",77140,21862,-,78933,75781,79625,75190,46701,81641,78466,58346,82569,44000
15009,"Maui County, Hawaii",70497,52080,N,-,70966,55031,70790,82638,69304,80765,58216,77267,41028
16001,"Ada County, Idaho",57399,163585,50111,26559,76949,46925,58639,27940,57169,74882,41800,77752,29375
16005,"Bannock County, Idaho",41530,30174,N,40098,N,31710,42253,21560,42828,44583,44663,54347,27421
16019,"Bonneville County, Idaho",53355,36702,-,-,42847,47325,55035,17395,56131,71051,39475,59618,30754
16027,"Canyon County, Idaho",42786,68220,-,68237,-,36277,45758,18816,46749,47774,38406,52206,24939
16055,"Kootenai County, Idaho",47860,58675,-,27931,44811,57317,47927,19525,54085,50071,38305,59678,28606
16083,"Twin Falls County, Idaho",45499,30177,-,80313,33728,48832,45064,21995,48955,60186,32316,56250,30458
17001,"Adams County, Illinois",46528,26743,30629,-,N,N,48028,45333,55188,52794,31994,59913,30648
17019,"Champaign County, Illinois",50252,79673,30951,N,31304,46675,55462,7913,51316,74111,54088,77086,27025
17031,"Cook County, Illinois",56851,1954712,33234,37834,71254,47256,75447,29162,63854,67775,36567,70478,38813
17037,"DeKalb County, Illinois",55471,36946,16013,-,N,45970,61426,20882,60981,76256,51538,70954,30839
17043,"DuPage County, Illinois",81559,338852,56855,56440,100673,60942,84948,35142,83976,100904,53931,101022,46389
17089,"Kane County, Illinois",70359,175512,36285,N,90903,48775,85577,43233,66803,91384,51896,85373,40165
17091,"Kankakee County, Illinois",53850,38755,26813,-,N,47649,58854,39152,61950,64906,34414,64432,31281
17093,"Kendall County, Illinois",85979,38557,51192,-,95759,83100,87685,77182,81203,102421,40063,90787,60382
17097,"Lake County, Illinois",82113,242179,42460,100451,105527,51475,92467,27839,77109,103082,57726,97699,43555
17099,"LaSalle County, Illinois",51936,44951,68007,-,-,40605,52753,25547,53255,64793,37309,64682,30496
17111,"McHenry County, Illinois",80125,111124,64762,-,88615,67009,81176,49891,80300,94737,51625,91043,50086
17113,"McLean County, Illinois",65304,66340,27092,-,92425,39849,70700,23867,68682,90545,52059,86952,32085
17115,"Macon County, Illinois",48040,44429,18980,-,N,45000,53365,16990,48166,63376,41499,63303,30527
17119,"Madison County, Illinois",52664,106573,36797,N,19426,36879,54780,29191,55856,62770,40384,65893,33804
17143,"Peoria County, Illinois",53837,75317,27271,80829,92606,31358,59256,17417,55287,66052,42397,70124,34091
17161,"Rock Island County, Illinois",50542,60000,33462,-,67222,48418,52806,30037,51741,67773,39523,62222,31689
17163,"St. Clair County, Illinois",50347,101743,30294,-,79120,39992,61977,22370,59414,64080,35504,69189,27964
17167,"Sangamon County, Illinois",57576,83023,30817,86268,75000,61484,61446,18333,56231,72050,44410,73530,37723
17179,"Tazewell County, Illinois",57020,53902,N,-,74054,N,57825,29615,66529,69612,46923,78035,36300
17183,"Vermilion County, Illinois",45098,30927,27169,21117,52172,35261,48055,15350,42311,55472,42316,55361,31085
17197,"Will County, Illinois",75992,224646,48445,N,114282,56745,83201,46003,81103,90199,46555,90239,41859
17199,"Williamson County, Illinois",48736,25680,110332,73229,221481,176029,48409,12240,55147,57373,36952,60849,24089
17201,"Winnebago County, Illinois",49578,113695,32026,N,76804,40824,52864,27667,51378,61791,36915,62212,29588
18003,"Allen County, Indiana",49754,142476,30734,40708,37486,39329,54120,27552,53291,57695,39549,61227,30395
18005,"Bartholomew County, Indiana",54447,31131,52161,-,N,N,53043,21414,65614,68036,37978,67481,35261
18019,"Clark County, Indiana",51828,44263,36734,N,-,N,53045,32024,70255,51323,42450,66917,34553
18035,"Delaware County, Indiana",40606,45278,27018,-,N,N,41279,16952,51266,52634,35765,55251,24168
18039,"Elkhart County, Indiana",49556,68498,25605,50468,69402,28847,53179,25857,52612,60356,36531,58019,30468
18043,"Floyd County, Indiana",58096,29246,12629,-,88401,48966,61639,20987,62148,73479,40932,73014,29035
18053,"Grant County, Indiana",38645,25137,23547,-,-,24946,41357,24865,42080,46264,32675,51231,24062
18057,"Hamilton County, Indiana",90613,113267,67681,-,152283,66216,90241,35378,97544,103063,52657,109790,47985
18059,"Hancock County, Indiana",69968,27593,92229,-,-,-,68514,68189,70681,78949,55806,82521,37043
18063,"Hendricks County, Indiana",73050,56088,45509,-,77344,58692,75640,35304,76937,85581,37496,86598,35343
18067,"Howard County, Indiana",46793,34714,20053,-,85689,N,49069,13479,48953,65224,37183,60855,29751
18081,"Johnson County, Indiana",68744,54458,75166,-,102303,N,68400,37234,72357,83506,44661,79849,39141
18085,"Kosciusko County, Indiana",52888,29867,48920,-,N,63490,52277,49889,60618,62902,36866,59307,37641
18089,"Lake County, Indiana",50582,186564,33651,81607,78069,49894,58796,21849,50995,63710,40088,61500,31400
18091,"LaPorte County, Indiana",45838,43169,24257,-,-,44771,49729,29515,41613,57474,39077,57320,28163
18095,"Madison County, Indiana",45257,51421,29863,-,-,65543,46734,27771,46678,49779,41138,54822,27779
18097,"Marion County, Indiana",41226,365296,30826,54205,48650,31258,49820,25773,41816,48029,33933,55378,30490
18105,"Monroe County, Indiana",45062,54598,27778,-,"2,500-",36602,48426,13491,48916,66083,46758,71942,25322
18109,"Morgan County, Indiana",58755,25033,-,-,-,103161,58585,45452,68322,64482,48184,66427,40396
18127,"Porter County, Indiana",63807,62424,43837,-,N,61754,64865,30628,70227,80256,43633,76073,37344
18141,"St. Joseph County, Indiana",46552,98835,30717,37426,N,37513,51015,31393,48688,57201,35677,60067,30315
18157,"Tippecanoe County, Indiana",50224,69857,20741,N,26429,42444,53749,18899,55965,66285,46006,67004,31621
18163,"Vanderburgh County, Indiana",42564,73991,22917,-,N,34542,45681,21391,47446,52479,31598,58645,26131
18167,"Vigo County, Indiana",38632,41981,25500,-,N,N,39544,17863,42059,47500,36274,53381,21985
18177,"Wayne County, Indiana",42160,24238,N,-,"250,000+",-,42682,31406,41145,51910,33700,50228,23842
19013,"Black Hawk County, Iowa",50169,52253,26320,-,35043,35802,52643,26931,54289,63178,42571,63025,31950
19049,"Dallas County, Iowa",78634,29188,-,-,101214,51659,79430,45949,82398,103264,46812,101998,41584
19061,"Dubuque County, Iowa",58487,37784,11333,-,N,N,60883,19714,69391,66950,41953,71284,30673
19103,"Johnson County, Iowa",55913,55711,25826,N,45872,N,61613,13851,58676,83908,55605,82576,30158
19113,"Linn County, Iowa",57073,89164,23479,58829,N,N,58979,26398,66063,70108,40676,77146,31766
19153,"Polk County, Iowa",60176,182948,28173,N,57238,40063,63548,31222,61367,71834,43481,71481,37827
19155,"Pottawattamie County, Iowa",53117,37126,N,-,100344,29467,54884,30640,57976,65786,41253,69717,34074
19163,"Scott County, Iowa",57831,68835,50927,-,75562,40899,60315,29540,61503,69348,44350,71326,31780
19169,"Story County, Iowa",50811,37264,-,-,20592,35948,52110,21926,60303,76645,50523,75697,32183
19193,"Woodbury County, Iowa",51146,38023,N,N,N,32978,55350,33188,53769,61802,35021,61639,28687
20015,"Butler County, Kansas",60714,25546,131672,-,-,N,60467,26807,56158,84382,40210,74723,32435
20045,"Douglas County, Kansas",52964,42817,N,N,35143,N,58556,20526,62204,74972,42934,82967,25899
20091,"Johnson County, Kansas",82892,222277,49333,80398,85484,54430,87802,41438,86243,101740,57854,102020,45622
20103,"Leavenworth County, Kansas",60423,27298,48104,-,105475,52134,63001,22393,58239,83670,43701,70066,35328
20161,"Riley County, Kansas",46677,26438,45776,N,30378,31624,51104,21584,52788,56949,58449,70217,31214
20173,"Sedgwick County, Kansas",50840,193145,26795,51856,59169,35445,56056,23096,51189,60738,41437,64848,28445
20177,"Shawnee County, Kansas",51123,71370,26024,N,81632,35716,56337,23906,54713,66243,41323,65603,30382
20209,"Wyandotte County, Kansas",41800,59281,31417,48410,36755,38741,49231,31290,45771,43121,33876,49728,27367
21015,"Boone County, Kentucky",67047,45831,37732,-,N,N,70086,34455,73149,85094,45684,79089,33416
21029,"Bullitt County, Kentucky",53434,28860,-,-,-,N,53419,43285,64952,56033,38992,61385,29934
21037,"Campbell County, Kentucky",51208,35682,31055,-,37862,22924,52082,23488,58523,60889,37749,66916,33747
21047,"Christian County, Kentucky",39827,25346,28668,N,71389,47438,41292,47108,37306,40216,39039,45611,25152
21059,"Daviess County, Kentucky",48791,39395,33008,-,N,N,51382,28156,47635,57448,36642,61007,27640
21067,"Fayette County, Kentucky",51948,129088,30538,23804,61917,35591,60343,22151,54832,66742,44123,67855,31433
21093,"Hardin County, Kentucky",49229,41389,40502,N,N,34033,50632,22161,49621,59115,37220,59553,30218
21111,"Jefferson County, Kentucky",51259,308588,31402,50430,66196,46378,57493,25817,55107,60260,39957,66499,32390
21117,"Kenton County, Kentucky",52043,63060,28051,-,66332,34477,53831,27861,54363,69361,39865,67908,35417
21145,"McCracken County, Kentucky",51114,27857,31304,-,-,86870,54356,25213,57303,55158,36727,66211,27125
21151,"Madison County, Kentucky",45383,32363,N,-,-,42286,44860,16583,56480,51456,36104,62500,27993
21195,"Pike County, Kentucky",33321,25561,-,-,-,-,32662,20708,34011,38902,24923,41415,14720
21227,"Warren County, Kentucky",44679,45771,29870,31950,39104,34615,49063,21003,54593,51362,36037,56539,25332
22005,"Ascension Parish, Louisiana",76632,40610,56029,-,95944,79360,80502,68851,91029,90419,42906,91749,39367
22015,"Bossier Parish, Louisiana",56140,48942,38745,60894,53615,54886,62397,32542,65444,61006,30965,66080,30106
22017,"Caddo Parish, Louisiana",41040,95857,27801,N,46198,35759,58539,25671,36523,51766,34831,55714,25052
22019,"Calcasieu Parish, Louisiana",45767,77182,29848,N,61544,42366,54898,43125,52289,55809,36167,56337,28795
22033,"East Baton Rouge Parish, Louisiana",50519,168609,35190,N,96377,55799,70116,22759,51895,64296,44294,66322,31851
22045,"Iberia Parish, Louisiana",46365,26167,26441,-,90625,30783,58834,30310,45249,55344,34561,54691,24438
22051,"Jefferson Parish, Louisiana",49576,168889,35660,61998,51865,40191,59150,31954,47580,59484,41741,59734,33378
22055,"Lafayette Parish, Louisiana",51981,90285,26363,-,66049,33670,65263,16402,66831,60427,31743,69544,28259
22057,"Lafourche Parish, Louisiana",52589,36907,33095,N,N,35759,56637,21700,60352,59455,31017,59169,24546
22063,"Livingston Parish, Louisiana",58677,48320,N,-,N,123116,59973,26375,80153,72684,28257,73842,28108
22071,"Orleans Parish, Louisiana",39077,156591,26819,40047,48866,37940,66607,15004,39087,44756,33586,55450,26886
22073,"Ouachita Parish, Louisiana",36709,56858,23773,N,N,N,51310,20398,42153,38884,31531,49278,23096
22079,"Rapides Parish, Louisiana",43222,47411,24658,26725,N,25467,52909,24611,48670,48792,34404,52052,25698
22097,"St. Landry Parish, Louisiana",30286,30512,18307,-,-,68165,41784,25647,33393,37614,25135,41790,18781
22103,"St. Tammany Parish, Louisiana",63180,90895,40161,33384,93431,64474,64475,26381,70138,75350,38718,74707,30997
22105,"Tangipahoa Parish, Louisiana",42962,46263,22292,-,-,37632,55628,18221,47631,56846,33597,60091,25379
22109,"Terrebonne Parish, Louisiana",41786,40641,18823,N,N,37305,48382,30099,61576,45413,24810,56827,22210
23001,"Androscoggin County, Maine",50338,45138,10246,-,44862,53488,51095,47763,52392,60170,33191,60671,27320
23003,"Aroostook County, Maine",36596,29372,-,21078,N,N,36770,27518,44052,49397,24729,53280,18199
23005,"Cumberland County, Maine",64215,115378,N,N,51021,88006,66048,34616,70699,77898,44794,82817,37667
23011,"Kennebec County, Maine",51335,51121,N,N,N,30643,51394,40663,53723,62635,34479,62890,31148
23019,"Penobscot County, Maine",44173,59099,N,33675,98061,N,44059,19690,53482,51254,31583,59355,22750
23031,"York County, Maine",61613,80852,57859,N,29897,58341,61967,33327,62335,71784,47859,72222,37523
24001,"Allegany County, Maryland",38281,27473,18292,-,N,-,38695,18409,41640,48923,28888,51938,22690
24003,"Anne Arundel County, Maryland",91230,205983,75081,N,98700,72924,97339,45444,91184,106827,63524,102426,60710
24005,"Baltimore County, Maryland",68775,311976,61215,45369,73661,61997,72257,40193,73069,85595,48406,85259,45305
24009,"Calvert County, Maryland",106247,31170,67161,-,76691,161293,113440,66923,96067,132447,74862,120327,71059
24013,"Carroll County, Maryland",84887,60086,85516,-,76086,N,84988,37379,97002,105511,49190,102431,37987
24015,"Cecil County, Maryland",70676,38245,42097,-,N,53247,72652,32185,92820,74754,48547,85342,42786
24017,"Charles County, Maryland",88700,54855,82956,78097,141230,110385,91219,54274,88572,110703,61990,100966,57251
24021,"Frederick County, Maryland",83819,89947,66130,N,92600,62434,90455,42288,82967,102005,56385,101203,45749
24025,"Harford County, Maryland",78050,92662,60207,N,59061,70194,81514,39192,81780,95525,46944,91523,41752
24027,"Howard County, Maryland",110892,110320,88082,70625,125654,82294,119866,62420,111544,132088,78313,128398,67348
24031,"Montgomery County, Maryland",98917,371458,63862,80068,105487,68126,122191,49143,92431,123263,76406,118567,60688
24033,"Prince George's County, Maryland",76741,304539,77320,46692,75061,60451,91542,34281,73353,86478,65920,87493,55474
24037,"St. Mary's County, Maryland",85163,39029,59253,-,86271,72089,96018,61112,95404,99613,50929,98119,61336
24043,"Washington County, Maryland",55979,55944,28541,N,N,35098,60284,40850,68794,66855,37944,69117,34776
24045,"Wicomico County, Maryland",54781,38031,42311,-,73896,N,59126,17350,54830,67929,50660,68103,34160
24510,"Baltimore city, Maryland",44165,238400,32704,60109,46198,46291,69022,30383,51902,47414,30045,53340,31431
25001,"Barnstable County, Massachusetts",66102,97451,56680,-,N,62368,66647,21988,75293,71369,58648,81817,40825
25003,"Berkshire County, Massachusetts",50765,55497,26226,-,23938,36496,52980,24252,52710,62614,41276,65297,28791
25005,"Bristol County, Massachusetts",60183,215123,46121,-,70515,27608,63879,27336,69452,73254,36430,76300,32460
25009,"Essex County, Massachusetts",68455,288149,51165,N,91441,38919,76463,31062,71692,90967,43407,90231,37615
25011,"Franklin County, Massachusetts",58613,30207,"2,500-",-,98462,30526,59508,37714,61547,66361,43688,70099,37029
25013,"Hampden County, Massachusetts",51514,175526,40353,17902,52938,23719,62338,20636,52924,67301,36271,65751,31888
25015,"Hampshire County, Massachusetts",60583,58093,15911,N,56044,37525,62281,20466,57899,77292,43778,88316,38099
25017,"Middlesex County, Massachusetts",90267,584491,45949,N,101521,52616,95769,45154,100783,108186,52587,111610,52100
25021,"Norfolk County, Massachusetts",94039,260415,64210,-,90299,91444,97191,33461,102235,117077,52335,118808,47606
25023,"Plymouth County, Massachusetts",75080,182467,36510,-,55402,41229,81963,42718,80999,95602,47036,91464,39044
25025,"Suffolk County, Massachusetts",56771,300841,40550,N,34160,35476,80109,30507,72800,61683,25452,62969,48915
25027,"Worcester County, Massachusetts",65753,301713,40537,31817,71930,39118,70020,26205,71468,81597,39052,84077,35202
26005,"Allegan County, Michigan",55250,42079,N,91599,-,45414,56070,55712,62344,62167,35218,62208,33685
26017,"Bay County, Michigan",46560,42799,N,71306,113988,39055,48128,26399,55010,55528,34590,57331,27221
26021,"Berrien County, Michigan",46649,64279,27885,56538,N,40733,50241,27909,50116,59767,36912,57732,30055
26025,"Calhoun County, Michigan",43084,53076,21227,N,41521,26267,49128,27929,50224,54270,31616,52055,25319
26037,"Clinton County, Michigan",63764,29072,27262,N,"2,500-",N,65364,34429,80444,72451,43507,78253,36079
26045,"Eaton County, Michigan",56005,43551,38624,N,N,46816,58281,34263,57132,63286,49054,72691,36802
26049,"Genesee County, Michigan",44025,163488,27090,N,105921,61700,48540,24014,47251,49825,38646,54952,28423
26055,"Grand Traverse County, Michigan",55013,36952,-,N,41655,62133,54577,34545,62153,55578,37817,70145,32580
26065,"Ingham County, Michigan",47082,111265,31345,90431,47857,41613,52048,17355,52608,55700,47756,64996,31130
26073,"Isabella County, Michigan",40838,24246,N,59846,N,39091,41860,16511,44877,59490,45313,61836,22365
26075,"Jackson County, Michigan",50783,59292,21513,52004,86983,40887,54901,26014,48852,62158,43615,59210,31082
26077,"Kalamazoo County, Michigan",52164,101228,30333,N,41353,42927,56280,23459,56708,70364,41473,68269,31233
26081,"Kent County, Michigan",54340,237259,28385,45365,54893,36603,60168,23774,60007,65662,41871,66321,33480
26087,"Lapeer County, Michigan",57762,32708,-,60439,-,40446,58133,16688,64486,70910,42696,65722,30646
26091,"Lenawee County, Michigan",48279,37016,N,90419,-,41071,48714,27234,52290,53066,35963,56102,30856
26093,"Livingston County, Michigan",76455,71100,N,N,185161,61014,76509,36283,81359,90948,51044,88383,40980
26099,"Macomb County, Michigan",54640,341532,36495,26711,69544,47906,56698,33730,60421,66167,42232,67744,34426
26103,"Marquette County, Michigan",48259,25498,-,45930,-,N,49684,27000,51992,57756,43253,59638,29471
26111,"Midland County, Michigan",59292,32977,"2,500-",-,120307,64399,59189,22978,64386,66770,50412,69639,32931
26115,"Monroe County, Michigan",54396,58886,N,48412,135987,37405,54691,35360,65932,71711,37940,71210,29623
26121,"Muskegon County, Michigan",47453,63215,21128,34085,-,55909,52516,14256,50934,56000,40162,56302,27948
26125,"Oakland County, Michigan",69998,497819,46895,53029,103842,55284,72723,33194,74923,86027,50984,90742,40607
26139,"Ottawa County, Michigan",61012,98598,32690,35287,60370,51367,62222,41055,67264,76566,41917,73106,29727
26145,"Saginaw County, Michigan",43383,77211,23961,115203,N,27756,50740,8665,44866,51526,37431,53636,26071
26147,"St. Clair County, Michigan",51127,63571,N,N,N,49871,51437,36933,52267,66587,39295,64625,28949
26155,"Shiawassee County, Michigan",51839,27036,-,-,-,51629,52150,43151,55845,59713,42269,60771,29119
26159,"Van Buren County, Michigan",48034,28564,N,N,-,43365,51297,31278,54884,57449,33971,60704,28183
26161,"Washtenaw County, Michigan",61977,138099,36186,71215,52275,51669,69876,29921,66597,81680,53051,88162,37916
26163,"Wayne County, Michigan",41557,667521,28195,26828,59836,32727,55598,23395,41084,51245,34461,52657,26634
27003,"Anoka County, Minnesota",73382,126823,47465,52005,72696,45377,76588,37449,80648,84777,47973,83720,42466
27013,"Blue Earth County, Minnesota",48350,25802,N,-,N,21763,53013,26964,60250,66859,36972,70304,27594
27019,"Carver County, Minnesota",92653,35232,78002,-,185484,53483,93630,50225,100706,105584,46749,104641,43582
27037,"Dakota County, Minnesota",77196,158944,47376,55176,82642,42040,81204,46809,81814,92624,48023,91332,46971
27053,"Hennepin County, Minnesota",68935,499754,27542,32500,81483,45163,77328,32670,72437,84613,47452,92186,43485
27109,"Olmsted County, Minnesota",69973,58101,26144,66497,97456,55789,70251,35270,78521,80766,49915,87882,35046
27123,"Ramsey County, Minnesota",57384,207066,30227,N,50574,42880,65303,35163,57329,72333,45956,75310,39183
27131,"Rice County, Minnesota",57323,22745,37797,-,N,48064,61014,36383,61427,77949,40870,74110,35318
27137,"St. Louis County, Minnesota",50124,84010,13454,28561,N,26766,50980,29187,59781,60177,35399,68121,29699
27139,"Scott County, Minnesota",92506,47643,N,N,56669,38684,95603,38788,98802,103978,46935,101214,39287
27141,"Sherburne County, Minnesota",80088,31692,-,-,-,N,80604,43186,92432,90765,35148,91054,44911
27145,"Stearns County, Minnesota",55030,58737,19912,-,N,31128,56860,32114,57915,70984,40293,67421,34561
27163,"Washington County, Minnesota",87995,92128,56199,-,103029,52148,89493,32933,95470,100966,54210,101712,47578
27171,"Wright County, Minnesota",76306,47010,-,-,N,32436,75433,60926,79624,100750,39878,86116,36834
28033,"DeSoto County, Mississippi",60394,62100,45785,-,N,46480,65544,22022,70109,66905,41418,72345,32558
28035,"Forrest County, Mississippi",33779,28564,23543,-,6314,N,45449,15688,36855,38404,33814,45276,19722
28047,"Harrison County, Mississippi",42297,77951,32645,53191,52879,41439,48193,32270,42073,51637,37428,48591,31381
28049,"Hinds County, Mississippi",39002,88812,32808,-,88681,12733,56952,16866,34485,51665,32082,49582,24127
28059,"Jackson County, Mississippi",45596,49984,28532,53702,N,42202,54472,44236,48671,46865,36811,59477,24098
28067,"Jones County, Mississippi",32856,25316,22170,-,-,23571,37871,37035,32331,41358,26457,41811,18894
28075,"Lauderdale County, Mississippi",37676,29345,23959,-,51250,N,51083,29921,45406,38415,29692,44014,22541
28081,"Lee County, Mississippi",39581,34136,25005,-,-,31322,48812,21981,51803,42093,29398,53176,20056
28089,"Madison County, Mississippi",67907,38511,43540,N,88314,39505,87237,48576,67456,95406,44331,85509,36245
28121,"Rankin County, Mississippi",57500,55004,45013,-,71077,62463,61647,17155,62075,70736,34435,71592,33798
29019,"Boone County, Missouri",50520,69152,32939,N,26464,40234,54306,11654,55998,67000,46512,72446,28222
29021,"Buchanan County, Missouri",49302,32738,60475,23769,-,27425,50492,23905,48719,62271,39621,60612,32472
29031,"Cape Girardeau County, Missouri",49731,28756,N,-,"2,500-",28641,51929,20560,59342,64525,35398,67464,30999
29037,"Cass County, Missouri",62561,38454,N,61408,-,51943,63058,41512,74184,75572,40927,74952,31362
29043,"Christian County, Missouri",53730,30031,-,31060,N,40315,54460,21396,59332,55915,39782,61487,27947
29047,"Clay County, Missouri",65090,88959,55323,65540,83996,62879,65392,33368,70956,73688,45133,79292,38360
29051,"Cole County, Missouri",56855,29711,33406,-,N,N,59499,34726,56527,68888,48713,76383,32634
29071,"Franklin County, Missouri",48694,41308,96009,-,-,N,49037,31151,58602,59009,36357,60470,25408
29077,"Greene County, Missouri",43675,119771,22081,62578,N,32966,45909,22771,44381,58448,36784,54787,30261
29095,"Jackson County, Missouri",48212,280899,33745,72673,46633,34897,56650,25769,51374,57581,37439,62387,31657
29097,"Jasper County, Missouri",44314,46145,21865,40716,N,42267,45094,31270,51654,47938,34281,52425,29176
29099,"Jefferson County, Missouri",58704,82734,35755,N,66607,37860,59236,33465,61031,65505,39717,66490,30321
29165,"Platte County, Missouri",70837,38786,51238,-,75484,57243,75340,26453,71510,101795,49153,85916,41866
29183,"St. Charles County, Missouri",73116,142900,45837,86594,85607,80030,74985,40543,76704,91102,47647,86886,40677
29187,"St. Francois County, Missouri",42863,24741,25240,-,-,108629,43199,32359,47432,51125,34656,51125,29918
29189,"St. Louis County, Missouri",61516,398948,40160,N,85007,61291,69242,29810,62520,79902,46120,80063,36615
29510,"St. Louis city, Missouri",38397,141312,25631,-,38700,31244,53943,19089,46936,38533,28015,49992,30707
30013,"Cascade County, Montana",45606,34375,53780,9762,48217,31847,47222,27876,51010,50706,32417,59578,23464
30029,"Flathead County, Montana",46899,37307,-,33012,-,87512,46617,30042,62173,51104,32298,59165,25080
30031,"Gallatin County, Montana",57535,40692,-,N,"2,500-",39572,58401,26673,59608,67478,55713,77033,35909
30049,"Lewis and Clark County, Montana",58796,27312,-,31422,N,36009,63044,25208,66724,68342,53822,72106,37394
30063,"Missoula County, Montana",42815,47910,-,32747,N,27805,44939,18349,50779,53568,41140,66801,27761
30111,"Yellowstone County, Montana",58026,62847,55098,44221,90417,35206,59119,33909,65552,61933,39078,67966,36547
31055,"Douglas County, Nebraska",58359,212285,28587,26093,44686,39439,66698,33867,61155,70686,42407,75759,35794
31109,"Lancaster County, Nebraska",53807,120671,36432,N,56103,46802,56221,22312,56979,70083,44541,74424,33548
31153,"Sarpy County, Nebraska",73518,64495,78106,39184,87424,66830,74046,32730,76266,90763,44738,86129,37154
32003,"Clark County, Nevada",51552,740966,36508,46298,59149,44751,58754,31119,51868,60219,42115,61465,34384
32031,"Washoe County, Nevada",56382,172751,35779,40645,74367,48033,60300,34822,60127,68279,43535,69707,35874
33005,"Cheshire County, New Hampshire",61780,29657,28583,-,64393,N,61429,19698,62861,81730,44399,80009,36107
33009,"Grafton County, New Hampshire",58183,35380,88300,49171,64755,88050,57336,35795,64215,70610,44472,75081,40189
33011,"Hillsborough County, New Hampshire",74323,156678,28168,-,122805,54327,76053,42022,81276,85897,46887,89320,42917
33013,"Merrimack County, New Hampshire",68566,55235,N,N,140994,126404,67690,29125,71262,82405,47295,83395,35159
33015,"Rockingham County, New Hampshire",87960,118789,99163,-,62131,87438,88666,62488,97589,103127,55739,101214,51305
33017,"Strafford County, New Hampshire",61563,47503,N,-,N,N,62988,29096,65114,79878,42887,80648,33938
34001,"Atlantic County, New Jersey",54052,101813,30810,39323,59871,43014,65062,33646,56660,62317,42504,67976,32441
34003,"Bergen County, New Jersey",89023,336675,71324,87283,104808,73414,95553,48377,100285,107949,56396,111043,47583
34005,"Burlington County, New Jersey",74800,163505,56638,83070,89042,61771,80871,36467,79978,96177,48403,90913,43795
34007,"Camden County, New Jersey",65025,185113,45924,N,85108,42899,76651,22315,68559,82117,44090,82252,36244
34009,"Cape May County, New Jersey",57116,38708,38302,-,23161,N,61750,-,71446,63432,45599,74698,31039
34011,"Cumberland County, New Jersey",51315,50380,44078,51409,65996,37589,61188,37011,55097,61087,35251,59241,27353
34013,"Essex County, New Jersey",52041,279874,36962,34949,106911,35601,94033,21809,51180,70066,34213,68965,30107
34015,"Gloucester County, New Jersey",77565,103876,48411,-,123288,43744,81849,21428,88084,91260,45080,91597,38317
34017,"Hudson County, New Jersey",60530,255508,40502,N,100690,42647,82265,41986,78336,58636,27497,63131,47370
34019,"Hunterdon County, New Jersey",102122,47057,N,-,167557,N,102149,17073,100530,122283,70308,124790,61659
34021,"Mercer County, New Jersey",72417,127965,45726,-,131292,43476,90945,30661,71129,91539,54301,93880,40185
34023,"Middlesex County, New Jersey",78643,280855,61871,N,111159,57353,79414,44355,82161,95363,50251,94268,42020
34025,"Monmouth County, New Jersey",87092,234365,42210,32452,111089,60303,93349,24869,91449,106178,56238,110628,41322
34027,"Morris County, New Jersey",101661,179480,74575,-,140851,70699,103147,71982,120112,121792,58119,125586,55132
34029,"Ocean County, New Jersey",63765,222497,55317,-,92654,59144,64216,29479,70816,82794,44563,78419,35362
34031,"Passaic County, New Jersey",55954,157309,31559,N,93650,36280,83812,31202,56156,71793,38670,71549,29162
34033,"Salem County, New Jersey",68830,22747,47335,-,52557,65250,76582,14516,76529,94394,45138,89802,34383
34035,"Somerset County, New Jersey",98440,117198,82833,-,150848,63059,100302,53118,108831,118728,56779,122262,53571
34037,"Sussex County, New Jersey",85086,53190,104111,-,127701,76843,84488,50018,91633,99805,58830,100647,50204
34039,"Union County, New Jersey",71163,188035,56604,23750,122994,51802,94376,47466,67379,90724,47421,82453,40096
34041,"Warren County, New Jersey",71277,41813,85813,-,80417,38629,73517,14855,76846,91116,47026,89905,40058
35001,"Bernalillo County, New Mexico",47747,263325,30530,30202,60000,39724,57599,24560,48061,54971,41841,60892,30967
35005,"Chaves County, New Mexico",38044,22665,N,80149,-,31164,43848,30205,50548,39720,29002,46456,19031
35013,"Do√±a Ana County, New Mexico",39902,74631,N,N,32096,32441,55825,16524,38875,48185,39963,42416,28758
35025,"Lea County, New Mexico",56260,21101,40813,202532,-,55942,59233,80053,56974,70945,31195,63511,26943
35031,"McKinley County, New Mexico",28212,19735,N,24695,49338,29195,62045,20849,33777,30149,21184,35430,12750
35035,"Otero County, New Mexico",36142,23919,18792,30264,-,21610,47090,17733,45860,47190,30031,51496,22813
35043,"Sandoval County, New Mexico",63598,47397,67463,29602,123591,58479,68431,7083,64384,69366,52209,69303,32685
35045,"San Juan County, New Mexico",49613,43030,-,33784,N,53366,53318,26250,49927,55521,41654,57063,26821
35049,"Santa Fe County, New Mexico",55676,60642,45382,48347,N,47249,66940,26559,51287,57867,57333,68311,36608
35061,"Valencia County, New Mexico",42092,27431,N,35764,-,33650,48888,16349,41638,47118,34234,50881,21084
36001,"Albany County, New York",57042,123862,27863,-,80481,30700,65188,22600,61700,73552,46605,82418,36151
36005,"Bronx County, New York",35176,495513,36364,36586,52120,29213,57875,28742,38239,39629,23780,40493,21428
36007,"Broome County, New York",46152,78398,24002,N,40013,30516,47512,14810,50264,62145,36985,61859,28128
36009,"Cattaraugus County, New York",40016,31174,N,26509,60568,15788,40901,20698,46036,49857,34029,51965,25353
36011,"Cayuga County, New York",53146,31368,60743,-,76285,28339,53094,24619,61537,63911,36754,65139,33933
36013,"Chautauqua County, New York",44460,51579,18326,N,N,N,46642,14194,45802,52338,34956,60238,25369
36015,"Chemung County, New York",53119,34546,34363,-,74825,N,54976,33657,54075,61775,42018,67329,30538
36019,"Clinton County, New York",45377,31249,43812,-,32841,45709,46033,27067,47817,51520,38884,60249,34001
36027,"Dutchess County, New York",71864,106319,46242,N,107415,71115,74775,14258,71853,85965,53235,89542,40317
36029,"Erie County, New York",52214,383099,27521,20071,43414,26172,60434,22776,58886,66920,36497,71912,30269
36045,"Jefferson County, New York",51107,43145,46148,N,N,44682,52793,30391,54109,62310,41166,58924,31789
36047,"Kings County, New York",51141,940176,41668,28191,54830,37848,68252,37210,64920,53440,28127,56737,37307
36051,"Livingston County, New York",53441,24189,-,-,N,N,54464,43111,61104,67632,39318,72801,25717
36053,"Madison County, New York",60286,26305,-,-,N,50859,59923,37606,63551,74790,45898,72399,38492
36055,"Monroe County, New York",54077,298151,28775,35642,57342,30387,63465,26242,56679,68588,40020,71635,33645
36059,"Nassau County, New York",101830,436567,84080,60563,127712,77240,107102,36960,117807,118617,65894,119068,48409
36061,"New York County, New York",75575,751244,32329,59966,72832,33815,110445,47458,100879,75833,39088,92144,65985
36063,"Niagara County, New York",48160,84893,20888,13837,81300,14199,53425,24122,50113,62181,35969,65718,26635
36065,"Oneida County, New York",48023,90396,25438,N,40868,23209,51310,26823,46791,59006,38121,60891,31079
36067,"Onondaga County, New York",57365,182581,35464,61461,47117,43787,62046,24114,62978,73740,39001,74418,36166
36069,"Ontario County, New York",57711,43692,40985,-,101289,31794,60240,36926,64977,78779,37683,73654,38018
36071,"Orange County, New York",73031,125470,62549,N,118919,60366,76729,44314,75220,89822,51086,89909,39592
36075,"Oswego County, New York",49767,45115,N,N,36190,N,49991,22148,50309,60629,36116,58298,28969
36079,"Putnam County, New York",90538,34181,N,-,N,61000,95125,26712,91875,109344,61294,110737,47486
36081,"Queens County, New York",60422,774752,62374,39059,58040,52114,67493,40665,65053,68093,39349,66403,42407
36083,"Rensselaer County, New York",60810,62585,41773,-,48229,32686,62074,29901,60805,76429,43736,80518,34148
36085,"Richmond County, New York",71622,167462,41543,N,71398,45411,81401,20125,76375,85769,47373,82709,32094
36087,"Rockland County, New York",85392,99875,70860,-,106503,54852,90608,26136,71640,110762,63140,99614,43783
36089,"St. Lawrence County, New York",42144,42771,N,50523,51369,N,42177,14073,49491,50256,35848,54345,24785
36091,"Saratoga County, New York",75761,90999,57287,-,101085,108056,73831,61326,83799,87471,51146,86408,49037
36093,"Schenectady County, New York",61108,52514,36453,-,94828,41415,64780,40760,64054,75913,44631,80631,37056
36101,"Steuben County, New York",47146,39517,62257,-,133091,21069,46726,27631,52278,52505,37887,58591,29287
36103,"Suffolk County, New York",88340,481796,70992,93750,95590,77384,92105,46447,95591,105875,54590,104428,44771
36105,"Sullivan County, New York",51761,28394,34421,-,58097,29785,59600,37949,54973,65531,39677,67658,29154
36109,"Tompkins County, New York",58084,38112,N,-,58394,41801,61064,11967,60586,72192,55262,84422,32700
36111,"Ulster County, New York",59758,69594,32771,-,48853,45687,61662,14306,64105,67416,43541,75160,36421
36113,"Warren County, New York",57541,24222,N,-,66019,N,59217,38682,56891,70835,45821,74825,27881
36117,"Wayne County, New York",50561,35841,48328,54500,-,32256,51094,32683,54529,62081,36134,60016,33582
36119,"Westchester County, New York",86108,338319,59169,N,114637,54181,108828,30152,85232,106987,58922,111084,45780
37001,"Alamance County, North Carolina",39541,63093,23614,N,N,31341,46128,20713,41057,51615,29897,52316,26384
37019,"Brunswick County, North Carolina",46640,49859,17353,-,-,55124,50699,21903,40884,52414,47577,62451,25720
37021,"Buncombe County, North Carolina",44619,102887,28672,N,46233,21572,48122,19252,45657,48056,43643,55748,31561
37023,"Burke County, North Carolina",42970,34380,31722,55083,71042,N,44009,26004,47041,48101,37082,52842,21774
37025,"Cabarrus County, North Carolina",56853,70623,41883,-,100879,37899,60905,30857,62251,68359,35632,67091,28644
37027,"Caldwell County, North Carolina",38708,31917,28705,-,-,25595,39305,16210,42475,45475,30066,49085,23626
37031,"Carteret County, North Carolina",51048,29636,30940,N,N,49494,52480,16260,60804,59161,42455,65255,33467
37035,"Catawba County, North Carolina",40450,60498,24099,-,46561,27633,46321,26324,42225,45849,35041,53711,23765
37037,"Chatham County, North Carolina",55642,27608,21387,-,N,29329,65227,39618,52459,70433,47443,69832,31049
37045,"Cleveland County, North Carolina",38885,36291,25946,-,N,34515,45113,52981,40420,42750,32044,49321,21812
37049,"Craven County, North Carolina",48145,41721,24632,-,42121,27005,59796,35789,50334,57354,43171,59878,27496
37051,"Cumberland County, North Carolina",42107,120188,33448,N,49438,30174,50479,26635,41905,50957,40623,50720,28714
37057,"Davidson County, North Carolina",46150,65359,31464,86263,101232,39609,50151,33837,48110,51915,38225,57447,23942
37063,"Durham County, North Carolina",53495,120004,40815,33620,50994,37958,70524,21079,60923,61806,44469,71237,38685
37067,"Forsyth County, North Carolina",46477,144165,31378,19844,71509,32532,56766,20932,47147,61006,36365,63140,30057
37071,"Gaston County, North Carolina",44293,79021,32265,N,88191,30459,49010,21779,49119,52963,33847,52731,25879
37081,"Guilford County, North Carolina",47786,198833,34004,N,52122,40286,60328,25413,46612,60368,40331,59730,31053
37085,"Harnett County, North Carolina",48960,43725,35295,42172,115135,39332,55532,25831,51281,58218,33294,59266,30000
37089,"Henderson County, North Carolina",47021,47478,24265,-,N,N,48912,27567,48107,59384,43008,67663,26827
37097,"Iredell County, North Carolina",55949,63782,33778,63940,N,47483,58965,22491,60338,66591,40358,69602,32012
37101,"Johnston County, North Carolina",52234,64045,57175,N,N,36091,53735,49779,57206,60058,33732,59861,32389
37109,"Lincoln County, North Carolina",46884,29977,N,N,-,26884,49710,26780,51974,61141,36111,61195,26890
37119,"Mecklenburg County, North Carolina",56883,397157,37025,51617,77748,38747,79153,28970,60251,66654,44554,73344,41100
37125,"Moore County, North Carolina",51547,38639,25724,78036,74957,47910,57474,32860,57489,56116,42849,62933,36712
37127,"Nash County, North Carolina",42718,36406,29611,33803,N,61367,51245,32021,39855,49221,33869,58272,23547
37129,"New Hanover County, North Carolina",52685,91513,25981,-,62107,30388,59111,25401,55196,62266,46727,68481,31748
37133,"Onslow County, North Carolina",45832,64771,34215,N,34383,39787,49882,34047,50807,52071,43465,50251,31624
37135,"Orange County, North Carolina",61164,52588,41469,N,60640,39807,68691,18742,58448,92500,55227,94073,32166
37147,"Pitt County, North Carolina",41453,68374,31921,-,N,27906,49879,22590,46320,50775,38458,58292,23908
37151,"Randolph County, North Carolina",42347,55516,36232,31375,N,37562,44604,22196,52447,49621,30785,52877,22826
37155,"Robeson County, North Carolina",31558,45373,24219,29237,44911,35148,39663,17708,33549,38480,22527,39395,15225
37157,"Rockingham County, North Carolina",38241,36739,26325,41406,-,N,41761,28958,39567,44525,29831,52354,19932
37159,"Rowan County, North Carolina",45320,51225,38038,-,N,43808,48114,41434,50616,51476,34348,53061,28908
37161,"Rutherford County, North Carolina",35594,25745,18433,-,-,N,37621,43176,42081,36520,28123,44692,18792
37171,"Surry County, North Carolina",37337,29234,23135,N,-,31810,38138,26495,41814,41563,28380,53090,18632
37179,"Union County, North Carolina",71729,74363,46393,71334,131175,51311,77778,46477,73504,88640,49167,82075,36041
37183,"Wake County, North Carolina",70533,382638,44477,40473,100667,41563,82341,28038,72035,82572,53515,85729,44243
37191,"Wayne County, North Carolina",40361,47490,31731,N,34944,21636,54880,21361,41819,49310,34143,54132,25283
37193,"Wilkes County, North Carolina",40919,27540,40662,-,-,30556,41282,34617,49550,42342,27195,49970,19847
37195,"Wilson County, North Carolina",41204,32324,35144,35804,75938,35557,51824,10703,44335,51161,29316,51358,24972
38015,"Burleigh County, North Dakota",65079,39713,38149,11386,N,N,66494,39715,73286,91345,39833,91219,38121
38017,"Cass County, North Dakota",53728,73440,30946,18523,74895,41737,58640,31095,61031,79636,35443,77966,30586
38035,"Grand Forks County, North Dakota",51264,29451,22864,49145,N,56850,52469,40247,50795,77146,43940,71586,32990
38101,"Ward County, North Dakota",62631,27580,N,N,111329,N,63299,47854,81473,77386,36982,82650,39671
39003,"Allen County, Ohio",50332,40234,27561,43484,78712,49203,51882,22670,58390,57974,35389,59517,24772
39007,"Ashtabula County, Ohio",44511,37333,N,-,N,N,45229,20242,53495,48975,32389,52170,27052
39009,"Athens County, Ohio",36511,22757,N,-,"2,500-",N,39705,14435,39617,52910,32960,53939,21458
39013,"Belmont County, Ohio",46113,27782,40317,-,-,-,46404,21233,56292,51272,32006,57141,25797
39017,"Butler County, Ohio",58785,135380,41088,-,64609,33269,61689,18861,62249,76786,42230,73807,31317
39023,"Clark County, Ohio",47963,54232,28173,-,95142,N,52356,29634,48870,60434,37633,61922,25077
39025,"Clermont County, Ohio",62054,75266,N,-,79971,51873,64228,25452,69453,77131,41009,74653,32198
39029,"Columbiana County, Ohio",41887,42116,N,-,-,-,42430,27072,50738,50036,34171,56201,22152
39035,"Cuyahoga County, Ohio",45297,532752,28823,23299,69561,35154,56420,23441,49540,54990,33914,60967,29835
39041,"Delaware County, Ohio",96410,65946,80240,-,120621,147284,95118,20742,107338,119099,55096,112100,38926
39043,"Erie County, Ohio",47544,30876,29195,-,-,31673,51118,23877,47039,66704,33812,56962,30945
39045,"Fairfield County, Ohio",61291,55213,60917,-,N,57990,62388,42822,70509,71468,40182,70559,27178
39049,"Franklin County, Ohio",53882,495250,35044,N,62427,39341,61924,26460,58617,61807,41138,67131,38236
39055,"Geauga County, Ohio",75895,34486,70117,-,-,N,76829,45278,81596,101174,52572,88119,37240
39057,"Greene County, Ohio",59803,66163,37247,-,76719,32099,62672,25137,57970,81922,49152,77826,36755
39061,"Hamilton County, Ohio",50990,336807,28424,62426,50597,41005,62086,23669,53070,61361,39836,69941,31754
39063,"Hancock County, Ohio",54709,31389,70518,-,78486,N,54476,33750,57424,72663,38856,67932,29650
39081,"Jefferson County, Ohio",44194,27400,12527,-,-,9819,46101,26829,47300,50886,37653,57917,23795
39085,"Lake County, Ohio",60810,96655,37176,80134,76875,52615,61550,39739,69436,71536,40002,74884,37495
39089,"Licking County, Ohio",59883,64861,67566,31646,100158,23939,60482,24674,61590,77091,41468,71295,28356
39093,"Lorain County, Ohio",52373,118813,35726,N,90203,34770,56016,24923,59288,64813,42458,65699,34424
39095,"Lucas County, Ohio",42594,176176,23151,37201,42190,33318,52060,17035,50169,52442,34615,60002,28064
39099,"Mahoning County, Ohio",41910,97544,21154,29130,58382,30574,48973,23192,46203,53775,33355,56610,24257
39101,"Marion County, Ohio",40607,24364,N,-,N,58403,41339,23598,41381,50379,38626,51157,24112
39103,"Medina County, Ohio",69989,66769,N,-,N,N,71314,30045,82275,86169,47784,87152,34501
39109,"Miami County, Ohio",49156,40757,N,-,N,N,48871,33030,55020,67924,35079,62207,27653
39113,"Montgomery County, Ohio",46561,223510,29315,26991,74673,27186,53050,27343,48511,55827,39574,58371,30584
39119,"Muskingum County, Ohio",42815,34150,N,-,-,N,44088,25792,52008,55588,30679,55480,24985
39133,"Portage County, Ohio",52835,61664,35456,-,N,52724,54704,12366,54209,69969,40729,64049,29996
39139,"Richland County, Ohio",45155,46989,27637,-,N,21721,47302,30765,46991,55848,38058,57093,31226
39141,"Ross County, Ohio",44907,28324,44480,-,-,-,45163,17487,46739,56069,31677,56439,26121
39145,"Scioto County, Ohio",35833,30477,N,-,72754,-,36842,9640,43850,41286,31472,46747,21219
39151,"Stark County, Ohio",48819,151727,27345,-,64567,51824,51254,30915,53805,59801,36036,61187,29255
39153,"Summit County, Ohio",51309,220792,26478,N,52484,42496,57464,24974,57422,65945,36793,70807,29587
39155,"Trumbull County, Ohio",42368,86763,35324,-,202014,37518,44978,24098,48717,49050,38238,57616,24962
39157,"Tuscarawas County, Ohio",47331,36511,N,-,-,45677,47223,33684,56206,60682,32982,62045,24793
39165,"Warren County, Ohio",81017,79915,125685,-,129167,44634,80481,32994,94137,93307,45465,94199,43038
39169,"Wayne County, Ohio",52760,42439,51357,-,35929,50191,53569,40847,55718,61882,35502,65263,30907
39173,"Wood County, Ohio",57027,50674,77019,N,N,61230,57194,16533,64524,74677,42098,73119,29741
40017,"Canadian County, Oklahoma",62045,44058,48385,57198,70812,54846,61914,53207,63862,72027,44750,71347,32739
40027,"Cleveland County, Oklahoma",59336,101424,29323,63614,61658,50938,60917,29482,61438,71599,46534,70671,35392
40031,"Comanche County, Oklahoma",47587,41560,37810,26168,26325,50306,51462,28902,50575,58022,36777,58306,29369
40037,"Creek County, Oklahoma",46665,26910,29385,34263,-,46394,49111,48056,42186,56612,35268,55047,23277
40101,"Muskogee County, Oklahoma",41016,25438,31653,37753,N,41750,42428,33627,50000,46907,29433,52876,20161
40109,"Oklahoma County, Oklahoma",49693,299052,33060,37923,63133,40334,57131,26537,50813,58551,44060,62326,31875
40119,"Payne County, Oklahoma",39840,30876,21238,26745,N,58327,41390,11197,45414,51989,44007,53744,20456
40125,"Pottawatomie County, Oklahoma",43317,26111,30397,38441,37099,31277,44692,34491,56002,45488,36313,50543,24617
40131,"Rogers County, Oklahoma",63041,33576,N,51531,85417,85102,65486,25591,66716,77673,43802,72012,31741
40143,"Tulsa County, Oklahoma",51287,254013,29450,48424,46661,38232,58331,29954,53576,60659,41978,64161,33103
40145,"Wagoner County, Oklahoma",57319,28586,36138,53264,-,59487,57261,32344,64340,66590,44264,66690,30037
41003,"Benton County, Oregon",52852,35062,18850,-,21193,N,58432,19874,49617,84489,44674,79763,29671
41005,"Clackamas County, Oregon",69629,152414,N,N,105938,61743,70978,34002,78175,82001,48187,84978,39991
41017,"Deschutes County, Oregon",57373,69424,19492,N,70898,45765,58512,26063,60720,70623,46967,66076,39850
41019,"Douglas County, Oregon",41428,44046,82962,N,N,38409,42248,28938,43371,50262,36873,49439,25379
41029,"Jackson County, Oregon",43948,83876,35676,25354,68764,41830,44720,30710,47090,49379,38881,55911,26567
41033,"Josephine County, Oregon",41493,35918,-,70931,N,34954,42158,35602,41347,50240,35510,50844,24166
41035,"Klamath County, Oregon",43952,27144,-,25943,133422,48607,44584,29883,43827,50930,38911,50016,26901
41039,"Lane County, Oregon",47318,146602,N,52539,31201,31547,49347,17119,49686,58890,42392,60797,27436
41043,"Linn County, Oregon",47527,46315,-,25644,111700,33617,47456,36843,50414,54380,34433,56652,25310
41047,"Marion County, Oregon",52047,114525,N,N,72618,41237,56779,28080,51640,65670,43124,63797,32088
41051,"Multnomah County, Oregon",59231,311797,25846,49242,50512,51302,63167,28634,66717,62915,43877,74941,41612
41053,"Polk County, Oregon",54970,30075,N,N,21450,62807,56069,34660,50768,67148,51867,64137,34242
41059,"Umatilla County, Oregon",49472,26604,-,30200,92748,34767,51666,28415,49375,60081,43281,50587,34607
41067,"Washington County, Oregon",70447,211139,62139,49370,91754,50344,71567,29944,72628,80933,50628,82366,41818
41071,"Yamhill County, Oregon",51084,35519,-,22292,29760,42852,52888,26959,49909,66637,41303,59161,33489
42001,"Adams County, Pennsylvania",61023,38459,N,-,-,35270,62618,55595,67940,68535,41723,71055,32327
42003,"Allegheny County, Pennsylvania",54467,530718,27174,N,58038,43207,60097,22055,65413,66502,35572,75053,31009
42005,"Armstrong County, Pennsylvania",44477,28068,29239,-,-,N,44945,23950,54895,52860,30754,55485,25480
42007,"Beaver County, Pennsylvania",50128,69521,23999,-,19036,90610,52217,21076,56904,63580,32726,63807,28349
42011,"Berks County, Pennsylvania",56122,151792,29804,33339,70429,27963,62541,20030,64132,69662,38102,68232,31724
42013,"Blair County, Pennsylvania",45432,52830,31914,-,192122,11827,46418,29225,55661,60567,30449,61768,24541
42017,"Bucks County, Pennsylvania",80575,234178,61216,N,105755,49361,82418,39399,89305,98589,51736,100499,41520
42019,"Butler County, Pennsylvania",68848,74348,N,"2,500-",57203,60833,69871,27109,82137,82944,46204,83961,34245
42021,"Cambria County, Pennsylvania",44179,57044,16833,-,44459,45417,45379,9189,53453,56163,30320,60935,24519
42025,"Carbon County, Pennsylvania",57387,25494,-,-,-,48628,58372,49505,66789,66304,34920,67590,28811
42027,"Centre County, Pennsylvania",56337,56116,N,-,40376,N,59459,15050,63845,78268,52151,78211,31837
42029,"Chester County, Pennsylvania",90503,188121,52357,N,120142,53860,93314,39247,100298,112445,54084,108886,45565
42033,"Clearfield County, Pennsylvania",44666,30929,-,-,-,11520,44856,21812,48476,58376,31075,54977,20652
42037,"Columbia County, Pennsylvania",42599,25810,30876,-,N,N,42885,25336,54371,57392,30692,56731,23791
42039,"Crawford County, Pennsylvania",46574,35781,N,N,N,89911,47272,41365,58701,52101,31450,55843,23901
42041,"Cumberland County, Pennsylvania",63890,97200,32661,N,78772,35097,65074,35564,68135,78960,48248,78742,38416
42043,"Dauphin County, Pennsylvania",54232,110722,37823,33004,56976,33947,61515,25463,60189,63373,40613,65837,35840
42045,"Delaware County, Pennsylvania",67584,203203,41218,"2,500-",73085,48341,81466,17203,75182,83006,48836,85909,39651
42049,"Erie County, Pennsylvania",47386,110138,24304,83811,36505,18324,51075,18476,51489,60419,37250,60487,29905
42051,"Fayette County, Pennsylvania",40495,54391,16128,-,-,N,41841,19480,51511,50010,31173,55625,20875
42055,"Franklin County, Pennsylvania",57960,59486,33470,-,"250,000+",54193,58756,42105,67320,69532,38849,67634,31642
42063,"Indiana County, Pennsylvania",46990,33066,40329,-,-,91786,46881,8360,59225,56798,32687,61386,23354
42069,"Lackawanna County, Pennsylvania",48518,83054,29448,-,49009,21625,50593,15874,57170,58477,32610,64494,26669
42071,"Lancaster County, Pennsylvania",59262,197706,32445,N,76308,38125,61300,37109,64423,73155,41368,70024,32632
42073,"Lawrence County, Pennsylvania",42921,36138,N,-,-,N,45265,35213,48310,52145,31998,54761,24643
42075,"Lebanon County, Pennsylvania",52571,53200,34662,-,47656,25422,57017,46117,59753,60578,36161,66524,31457
42077,"Lehigh County, Pennsylvania",56452,135059,33973,N,77698,34026,67026,41304,60715,69521,41049,68554,39037
42079,"Luzerne County, Pennsylvania",50301,127408,22357,12250,57738,31530,51340,21121,55773,61322,34318,62562,27664
42081,"Lycoming County, Pennsylvania",51455,45751,23637,-,N,N,55084,22639,60081,59508,34923,63250,26395
42085,"Mercer County, Pennsylvania",47051,44385,33088,-,N,N,47829,17466,60619,58472,31990,61378,27299
42089,"Monroe County, Pennsylvania",57318,55681,50114,-,78935,58051,56963,19821,62461,64909,39139,70283,34479
42091,"Montgomery County, Pennsylvania",83254,310347,53730,N,85795,57932,86590,27147,92589,100819,52493,101232,47130
42095,"Northampton County, Pennsylvania",62436,112619,45023,N,67417,46156,64688,40457,70393,78615,42046,73813,33514
42097,"Northumberland County, Pennsylvania",44989,39981,N,N,N,31857,45663,45682,50345,56078,29097,56855,24957
42101,"Philadelphia County, Pennsylvania",41233,581604,31387,27393,41604,30059,60361,21499,49692,44830,29596,49309,30649
42107,"Schuylkill County, Pennsylvania",45810,57392,N,-,-,32138,46158,14739,58447,55269,31602,56738,25706
42111,"Somerset County, Pennsylvania",43660,29199,-,-,-,46090,43761,22109,50219,57878,27796,52791,23961
42125,"Washington County, Pennsylvania",58085,83949,21800,-,103818,46189,59610,34858,74816,70644,38727,75309,31840
42129,"Westmoreland County, Pennsylvania",53540,149360,20848,-,132745,30911,54749,36554,61073,69411,37397,67368,30159
42133,"York County, Pennsylvania",58409,165672,44525,122672,39297,33182,61843,36795,63792,72004,40757,70532,38187
44003,"Kent County, Rhode Island",65931,68452,48056,-,54154,66225,66823,42336,74464,82646,42353,86926,38441
44005,"Newport County, Rhode Island",66026,34657,N,-,-,37413,69194,21325,72500,90187,46635,93545,39980
44007,"Providence County, Rhode Island",50565,235033,35890,25921,67569,33365,57280,23605,55711,63403,32843,66164,31067
44009,"Washington County, Rhode Island",72453,49555,80802,N,N,N,74723,27643,84465,91939,44030,92732,41822
45003,"Aiken County, South Carolina",47219,64654,38226,-,40434,22040,55902,37544,41282,62071,39620,57390,28489
45007,"Anderson County, South Carolina",43558,74654,28794,49049,N,40340,48288,24225,50064,55559,32900,57650,23479
45013,"Beaufort County, South Carolina",60257,69002,27207,-,74772,39219,67919,46627,55530,65597,59221,68491,32455
45015,"Berkeley County, South Carolina",56548,71908,45766,N,61339,43550,63963,37330,62103,59303,44481,64465,35587
45019,"Charleston County, South Carolina",57079,150073,32652,N,50581,47066,73583,27396,66239,64599,46891,76099,40299
45031,"Darlington County, South Carolina",33922,27401,23851,-,176661,N,43896,21964,38790,31921,29967,46590,15540
45035,"Dorchester County, South Carolina",54521,51741,41186,21259,103337,36419,60952,36398,51951,66250,47445,70061,33766
45041,"Florence County, South Carolina",40883,52513,32076,-,50500,N,53935,25585,44150,51241,31052,52394,25420
45045,"Greenville County, South Carolina",51908,186036,32618,N,64890,33690,60237,38451,57300,61122,40068,64494,31301
45047,"Greenwood County, South Carolina",43218,25816,22707,-,-,45864,53687,19333,51773,45098,36901,53033,27008
45051,"Horry County, South Carolina",47541,124949,25233,41039,55670,34967,51523,24703,50950,50352,45797,56997,28768
45057,"Lancaster County, South Carolina",45676,31517,33247,-,-,91547,46455,34306,50052,51383,36185,53915,30747
45059,"Laurens County, South Carolina",39474,25220,34901,-,-,32280,42753,24679,38862,49571,28181,48211,20160
45063,"Lexington County, South Carolina",55227,108197,39141,N,58286,50487,60064,27913,58378,64532,43634,70069,33911
45073,"Oconee County, South Carolina",43266,31488,29892,-,-,26685,44502,23584,40837,51345,44445,54896,24692
45075,"Orangeburg County, South Carolina",38596,33175,31937,-,-,N,48709,13191,40117,39765,36981,48283,20045
45077,"Pickens County, South Carolina",42449,46830,39060,-,30921,38528,44838,17722,48255,53474,35558,60070,22533
45079,"Richland County, South Carolina",51301,146898,38549,40914,50938,38508,66814,22201,51210,58386,51156,67660,33994
45083,"Spartanburg County, South Carolina",45125,112951,33035,58729,66382,44006,50517,32117,50161,55283,33813,58112,26359
45085,"Sumter County, South Carolina",41169,41017,32431,-,59536,35652,54043,29511,41933,47497,31173,47278,25646
45091,"York County, South Carolina",56359,96264,35010,45710,70216,53017,62855,22743,56631,69275,42240,70343,30786
46099,"Minnehaha County, South Dakota",54918,73424,25404,55490,66618,49146,58084,37195,59852,68405,34794,70858,33098
46103,"Pennington County, South Dakota",52611,43971,12517,31599,-,40996,55410,23503,60124,62154,41161,66511,32041
47001,"Anderson County, Tennessee",42744,31261,25432,70957,37452,60988,44543,25613,40921,57377,32743,56947,23822
47009,"Blount County, Tennessee",49134,48397,34036,-,-,40695,50486,26397,52383,56286,41312,61582,29293
47011,"Bradley County, Tennessee",42922,39620,40464,-,-,28022,44836,13862,55350,55030,30465,56409,22678
47037,"Davidson County, Tennessee",52026,274187,34856,N,55826,40890,61987,31150,55306,58506,41012,61990,40351
47059,"Greene County, Tennessee",34768,26660,16091,-,-,15469,35779,11422,36826,36418,31863,45699,19866
47065,"Hamilton County, Tennessee",48580,136858,31287,-,88060,38873,54976,20288,52843,61536,35517,63787,28531
47093,"Knox County, Tennessee",52229,181292,28728,N,55548,38552,56182,23689,56028,62502,43559,66630,31470
47113,"Madison County, Tennessee",47801,37544,36272,-,-,N,53164,30538,51552,51732,40109,55916,30132
47119,"Maury County, Tennessee",50707,33326,45013,-,63841,41121,51510,50574,52758,55778,38220,58368,29186
47125,"Montgomery County, Tennessee",48659,70494,45361,N,45600,50388,51642,33825,49416,58479,41982,57048,34395
47141,"Putnam County, Tennessee",40623,29812,44631,-,N,51486,40400,12212,49880,44931,35741,47192,20767
47147,"Robertson County, Tennessee",53204,24909,58148,-,39329,40723,54020,21137,49782,60734,52292,58498,30803
47149,"Rutherford County, Tennessee",60043,104177,42624,-,66416,46527,64448,37193,60909,72462,41975,70377,36947
47155,"Sevier County, Tennessee",42107,37846,41480,-,40754,26529,43243,35237,40819,54568,35430,55513,26506
47157,"Shelby County, Tennessee",47083,348067,34378,21697,68847,36912,71687,21305,45673,56258,40377,59073,30760
47163,"Sullivan County, Tennessee",42012,65188,24259,-,N,N,42779,25594,47759,50085,33122,53011,22431
47165,"Sumner County, Tennessee",59753,64521,40763,-,N,44000,61620,35831,68056,65347,42511,73510,33199
47179,"Washington County, Tennessee",45484,52924,57079,-,N,26509,45319,13742,43556,56570,40362,56407,26787
47187,"Williamson County, Tennessee",102881,72846,64991,-,128750,61090,105453,41706,102483,123374,73884,114035,51502
47189,"Wilson County, Tennessee",64476,46158,61538,"2,500-",43877,38732,67266,32097,71839,71054,46389,72691,36152
48005,"Angelina County, Texas",49768,30052,25388,-,81619,38152,54719,39219,56339,53744,31667,54882,23664
48021,"Bastrop County, Texas",63129,25963,75577,50947,96250,53074,71071,30175,70722,80549,39597,75918,30305
48027,"Bell County, Texas",48908,119178,40980,N,32000,41402,55411,34882,48149,60808,45787,56780,30318
48029,"Bexar County, Texas",52286,627634,46188,51040,64030,45169,67817,30834,54667,61121,44856,60897,34808
48037,"Bowie County, Texas",40662,32244,24727,N,-,N,45344,21989,41061,49579,31977,48694,21349
48039,"Brazoria County, Texas",71251,117149,62610,155740,101312,52284,77552,32069,82338,82350,40340,86465,37939
48041,"Brazos County, Texas",44270,77628,30582,-,31097,40334,52655,15411,46525,71604,48241,70350,27285
48061,"Cameron County, Texas",34074,122468,N,N,92023,31380,46119,22176,36309,37966,26997,36872,18935
48085,"Collin County, Texas",86217,322585,64735,99759,106809,54595,93513,37107,88224,105150,55284,101524,49889
48091,"Comal County, Texas",67363,45752,57325,-,53366,55845,75046,41650,65472,84902,52944,81296,40394
48099,"Coryell County, Texas",45998,23880,54340,N,32813,26189,49440,26961,50655,51600,37642,56221,29334
48113,"Dallas County, Texas",51799,905250,37426,50415,76559,43634,71786,30936,52354,61003,42236,58236,40926
48121,"Denton County, Texas",75649,274338,51797,69415,95856,53088,84647,31845,77142,93350,53484,90593,44720
48135,"Ector County, Texas",65454,52023,66361,-,N,56340,75695,50338,81233,65291,40999,71424,40436
48139,"Ellis County, Texas",68095,53294,58664,N,N,55743,73667,29127,69145,85420,48142,75583,36231
48141,"El Paso County, Texas",43692,260710,58904,31559,53025,40666,57292,33890,47739,49581,32130,49059,27243
48157,"Fort Bend County, Texas",95389,222936,76886,137420,115421,65676,117328,41181,99055,107072,59379,105944,50574
48167,"Galveston County, Texas",69190,116557,31607,198515,42517,51187,86777,36589,77158,80304,49905,82879,42656
48181,"Grayson County, Texas",48126,47538,20855,47031,N,53856,50963,40839,56917,49475,36256,61867,25494
48183,"Gregg County, Texas",47727,45568,26894,-,N,35017,56592,40886,54277,55555,39454,56322,32386
48187,"Guadalupe County, Texas",64343,50864,81551,N,66518,49577,71175,34572,65888,76330,44269,72980,35572
48201,"Harris County, Texas",56629,1583582,39067,52029,68693,45167,84974,33613,56137,66877,44063,64008,40330
48203,"Harrison County, Texas",42958,22227,30839,-,-,37927,47404,27639,50669,59341,33766,53557,24180
48209,"Hays County, Texas",58870,67346,77732,137822,36928,49292,64718,19400,66799,74233,46118,78580,35140
48213,"Henderson County, Texas",47906,29103,32708,N,36056,35401,50255,43634,61198,55171,38083,56510,22436
48215,"Hidalgo County, Texas",35730,225692,55751,24075,71336,33363,52983,21328,36395,44838,27293,38222,21756
48231,"Hunt County, Texas",46048,31970,23389,-,N,34714,49725,26214,46406,49078,44349,52479,26743
48245,"Jefferson County, Texas",48005,94743,34421,N,31970,50472,62314,37220,50465,55758,37228,58499,26911
48251,"Johnson County, Texas",58758,53992,56726,N,N,46294,64068,40703,69325,68588,41074,66610,26195
48257,"Kaufman County, Texas",58141,35802,29386,-,101295,44646,65719,24307,76013,64959,36610,71591,29570
48291,"Liberty County, Texas",55152,26383,45308,-,-,56745,54559,31753,65502,70858,34023,60266,24861
48303,"Lubbock County, Texas",47897,108485,32833,N,33003,40997,54268,26831,50887,62253,42148,60346,30109
48309,"McLennan County, Texas",46602,87308,26776,N,26060,36379,58050,16777,48334,61124,39895,56961,24834
48329,"Midland County, Texas",81064,56280,66430,N,117692,78698,83012,76303,84899,84185,45409,95626,42020
48339,"Montgomery County, Texas",71577,185869,52157,68135,101992,50530,78684,41250,72036,90618,48524,84432,42310
48347,"Nacogdoches County, Texas",39865,23493,21589,-,76196,40223,47245,8703,37438,54979,31204,52840,18338
48355,"Nueces County, Texas",50587,130207,41380,N,74158,43092,64325,21917,55795,56814,39462,60931,29166
48361,"Orange County, Texas",50429,32848,41189,-,88183,60533,51503,35329,51819,67996,31803,62743,31651
48367,"Parker County, Texas",67012,42804,48767,56402,131818,51091,70915,13520,71874,80453,46958,76259,31032
48375,"Potter County, Texas",40536,43715,23420,N,50976,36085,46492,21687,41839,48703,31723,47272,27556
48381,"Randall County, Texas",61984,48323,51710,66250,63107,51125,66150,26176,66306,70862,50238,76811,40593
48397,"Rockwall County, Texas",90940,30229,60446,-,222760,45439,96881,42217,91997,122593,54821,105168,46976
48409,"San Patricio County, Texas",54966,22216,-,-,150359,47051,66995,27403,64249,65648,40251,62105,30201
48423,"Smith County, Texas",49060,78380,30391,40810,36150,40688,62038,32134,46361,69050,40985,60736,32016
48439,"Tarrant County, Texas",60737,685443,44539,65973,64155,45314,72610,31410,60573,72393,46395,71361,37643
48441,"Taylor County, Texas",48636,48934,35406,98678,N,50064,50736,36468,54002,54974,35813,60081,30231
48451,"Tom Green County, Texas",48114,44422,26190,-,73601,34641,60766,28098,53290,61030,40012,61417,29477
48453,"Travis County, Texas",65269,446342,42752,55244,86508,45024,80190,28447,66040,77461,51614,80519,49790
48469,"Victoria County, Texas",56545,32956,31585,-,N,47730,69647,34898,61571,75017,42455,65370,31564
48471,"Walker County, Texas",40448,21295,30844,N,-,35676,42134,16895,45346,65157,41667,60418,21827
48479,"Webb County, Texas",39774,72259,47673,N,N,38361,62379,14389,44367,43896,26250,41970,28913
48485,"Wichita County, Texas",45416,48070,25828,N,67788,29965,48270,33360,43112,57821,40485,59224,30489
48491,"Williamson County, Texas",78311,170987,69778,52669,102416,60762,81843,40522,80840,89416,53928,89781,50022
49005,"Cache County, Utah",50518,36600,N,N,26258,34139,53839,25763,48980,75396,44577,60309,31178
49011,"Davis County, Utah",72016,99998,56332,N,56304,43024,77744,29405,70978,90526,60149,80362,40236
49035,"Salt Lake County, Utah",65694,357623,40452,51421,63727,47447,70769,36457,67152,79775,46342,75900,40860
49049,"Utah County, Utah",65487,155089,N,62886,67274,51373,67218,33750,67326,89646,51364,71214,36032
49053,"Washington County, Utah",54913,52453,N,57861,N,45382,55704,41875,59274,60684,41223,61338,31252
49057,"Weber County, Utah",59146,80988,35402,N,66239,42370,62193,39023,61708,72778,47005,68284,31857
50007,"Chittenden County, Vermont",67997,64271,41295,N,42055,69688,70171,32306,71271,83585,47400,91237,45542
51003,"Albemarle County, Virginia",70589,39916,47143,N,57107,48192,77821,45735,62392,81495,58399,94382,40943
51013,"Arlington County, Virginia",106768,103408,65368,65227,85610,72471,123153,80602,105554,126704,77765,143843,86874
51015,"Augusta County, Virginia",56766,27914,61004,-,-,N,56840,34639,61779,66901,39030,65493,27162
51019,"Bedford County, Virginia",54062,32050,N,-,N,81525,54358,14574,60815,67639,39562,66522,26235
51041,"Chesterfield County, Virginia",75131,121529,65242,42029,72419,52618,81357,42572,78880,84457,54938,86675,43907
51059,"Fairfax County, Virginia",113208,392822,82934,N,106106,78330,127982,52045,108394,132070,91242,129538,80725
51061,"Fauquier County, Virginia",91940,25498,54427,-,-,85587,97101,62083,82443,114366,66314,107479,50903
51069,"Frederick County, Virginia",71993,30483,N,-,-,56667,72837,48167,67610,84399,42674,76864,48815
51085,"Hanover County, Virginia",82085,39026,59903,-,N,103021,84615,12017,81612,102100,56295,91470,43508
51087,"Henrico County, Virginia",66085,125854,47241,69310,98286,64057,73358,40071,70453,77356,50826,82338,39129
51095,"James City County, Virginia",73968,28485,49017,-,54101,N,84093,-,61613,91667,76375,90932,39466
51107,"Loudoun County, Virginia",125003,120559,103199,N,135365,85427,133147,51726,122088,149402,78291,141487,67330
51121,"Montgomery County, Virginia",52151,36971,51576,-,N,80247,52734,17875,61875,64544,50647,66864,26906
51153,"Prince William County, Virginia",99766,139082,96592,122798,85629,63110,111862,36022,94049,115035,76524,108243,60587
51161,"Roanoke County, Virginia",63210,37968,69828,-,N,N,61953,33624,68784,82864,46778,73545,42075
51165,"Rockingham County, Virginia",51979,30318,65167,-,85677,53309,51571,45300,65521,55508,38687,58219,32135
51177,"Spotsylvania County, Virginia",75535,42568,70150,N,51824,55441,77579,50337,71113,97463,52091,84401,47130
51179,"Stafford County, Virginia",95882,43887,100155,N,N,91602,97631,73268,92770,116638,61730,103705,56929
51199,"York County, Virginia",84580,24660,90000,-,62123,44733,89045,34772,72363,115271,57795,96334,46992
51510,"Alexandria city, Virginia",90056,69008,50638,-,100750,62162,115300,39574,89474,105081,75995,112337,75195
51550,"Chesapeake city, Virginia",67491,83593,54536,N,68527,54287,77110,64695,62783,83028,51606,78498,43352
51650,"Hampton city, Virginia",51867,53132,42462,N,N,70046,56842,39721,53483,61285,40606,62091,38244
51680,"Lynchburg city, Virginia",39374,27864,25447,-,97009,40163,48560,26484,41714,47245,37433,52848,28592
51700,"Newport News city, Virginia",48630,70546,37674,-,65173,45949,65063,22403,47727,63762,43202,59348,33934
51710,"Norfolk city, Virginia",45996,87819,31950,N,50210,36910,61202,31433,46622,56000,39752,52636,34025
51740,"Portsmouth city, Virginia",49242,36654,37173,40438,107917,68421,58763,30554,50253,57228,34075,57845,32988
51760,"Richmond city, Virginia",39906,91396,25233,24457,47666,42357,60025,14986,42719,42119,35196,51341,28988
51770,"Roanoke city, Virginia",39835,41501,26211,-,38672,35389,42711,20655,35502,49892,37607,48356,30429
51800,"Suffolk city, Virginia",61203,32232,41974,62760,41413,61014,75485,37898,61664,75766,41895,67783,36815
51810,"Virginia Beach city, Virginia",67281,169097,47238,76449,75177,61998,72566,44798,67110,81398,53580,77264,45502
53005,"Benton County, Washington",62484,69084,N,N,63455,38621,68856,22216,61753,82915,47324,71534,39360
53007,"Chelan County, Washington",56890,27068,-,-,-,41682,58703,53672,59750,67808,41462,63942,32014
53009,"Clallam County, Washington",44929,32231,-,31974,N,46265,45454,47050,52722,48210,35324,58428,24903
53011,"Clark County, Washington",64275,166335,40861,78261,65463,42489,66778,42234,68227,73193,47058,73429,40733
53015,"Cowlitz County, Washington",49949,40187,51667,30522,N,28533,52858,39643,59204,57484,36314,60345,29389
53021,"Franklin County, Washington",59664,25339,N,-,49444,45600,76636,30280,70700,60216,49900,60517,39074
53025,"Grant County, Washington",51667,30915,-,N,N,49150,54874,35350,51151,64664,39063,56824,30756
53027,"Grays Harbor County, Washington",44122,27430,-,38145,85206,40175,44852,23341,46327,56116,38984,60245,25020
53029,"Island County, Washington",60532,32939,70330,84134,107574,28251,60525,30069,61589,74788,51909,71991,36406
53033,"King County, Washington",81916,845990,42282,45657,95540,54926,88438,42226,90700,95610,54338,102207,53451
53035,"Kitsap County, Washington",66090,98490,39559,62250,82687,69511,65846,39004,70452,81514,54825,78341,37142
53041,"Lewis County, Washington",48179,29078,-,N,36201,43054,50595,38631,54362,55166,35077,61411,25601
53053,"Pierce County, Washington",60167,307056,47755,52565,62579,46709,62948,37443,60879,71168,46542,70818,39933
53057,"Skagit County, Washington",57122,48056,N,37689,44981,37971,61220,36641,62667,67254,45716,65544,35243
53061,"Snohomish County, Washington",76251,284176,60486,41053,88569,50429,78163,43996,81624,91388,45766,90043,45900
53063,"Spokane County, Washington",48525,193117,28444,45393,40469,43920,49530,21535,50590,61417,36528,61895,28890
53067,"Thurston County, Washington",62137,105159,75549,23554,87260,53580,61697,32024,62748,74567,47710,73715,39332
53073,"Whatcom County, Washington",55016,80023,N,19071,73942,41459,58194,30259,61766,69805,42023,73501,31707
53077,"Yakima County, Washington",47223,81709,26883,45723,N,41782,51325,29611,44825,56660,39974,51921,30062
54003,"Berkeley County, West Virginia",53548,41265,41476,-,106473,N,56144,32231,55620,60979,39683,63576,36384
54011,"Cabell County, West Virginia",38839,39303,13512,N,60399,39365,40776,12489,38663,58385,32442,59690,20828
54033,"Harrison County, West Virginia",48285,26794,N,-,-,42000,48684,50739,63585,57946,36575,62660,25010
54039,"Kanawha County, West Virginia",45028,81804,34737,-,122375,66354,45945,25547,47783,47923,40558,55603,29307
54061,"Monongalia County, West Virginia",45880,37603,25976,-,61894,N,46759,7494,48709,61103,40438,70920,31105
54081,"Raleigh County, West Virginia",37262,31315,25431,-,49195,-,37738,22019,54330,39253,31792,46985,22633
54107,"Wood County, West Virginia",39991,36734,23513,53305,"250,000+",N,40655,46274,44303,40903,32624,51012,22421
55009,"Brown County, Wisconsin",54802,103894,35884,30314,44735,33795,59494,30378,56977,68927,35794,73315,31307
55025,"Dane County, Wisconsin",65202,216049,34017,46619,56986,46556,69807,26625,67753,83002,56373,87002,41754
55027,"Dodge County, Wisconsin",55832,34805,-,-,160965,66482,55099,41236,61470,71303,32402,70845,30993
55035,"Eau Claire County, Wisconsin",51667,39155,N,-,48635,N,52014,36552,57905,63737,37763,69105,31571
55039,"Fond du Lac County, Wisconsin",57620,40295,N,136382,33171,N,59781,32175,65973,70547,37975,71708,29973
55055,"Jefferson County, Wisconsin",62399,32753,-,-,N,41828,65246,47311,71185,70789,37216,72371,32486
55059,"Kenosha County, Wisconsin",55845,62950,36948,N,62224,41067,59127,17298,58466,71976,37932,70500,33244
55063,"La Crosse County, Wisconsin",49933,46116,28976,N,55409,25321,50357,26940,60809,66597,34263,68443,30089
55071,"Manitowoc County, Wisconsin",50302,34508,-,-,N,45286,50294,31678,61426,61792,29528,64368,28848
55073,"Marathon County, Wisconsin",55687,54558,N,25779,54975,38002,56300,27075,65901,66950,34273,68964,31592
55079,"Milwaukee County, Wisconsin",45859,381917,28568,25659,51546,36951,56588,22391,49542,52928,35629,57309,32172
55087,"Outagamie County, Wisconsin",59252,71702,15170,N,67225,37858,61023,22548,66265,76831,33750,71758,35385
55089,"Ozaukee County, Wisconsin",79048,35429,147625,50650,115825,52250,78682,16227,82011,99087,50961,92159,33668
55097,"Portage County, Wisconsin",57244,27856,-,-,30653,N,59523,18189,71535,71325,36040,72724,30118
55101,"Racine County, Wisconsin",57232,74960,23533,72629,79569,36506,68069,33226,62255,74839,41428,74337,32214
55105,"Rock County, Wisconsin",53777,65054,25100,26907,88803,57745,55188,22777,62389,61935,40766,63457,32569
55109,"St. Croix County, Wisconsin",71449,33062,66444,-,127269,N,71623,33425,82086,83621,42242,84933,40419
55117,"Sheboygan County, Wisconsin",57047,47438,50059,61367,72402,45496,57733,37208,64140,70471,35853,70917,31736
55127,"Walworth County, Wisconsin",58537,38106,11970,68393,59308,52213,59227,16466,60093,75040,44244,74243,29794
55131,"Washington County, Wisconsin",69713,53353,-,-,75806,52302,70016,52053,73361,88130,44285,84711,35664
55133,"Waukesha County, Wisconsin",77761,157143,40152,N,128443,56746,78313,48173,90423,97416,45449,95940,41441
55139,"Winnebago County, Wisconsin",52136,69636,27929,31741,N,56633,53382,28369,52097,64701,42763,67477,32778
55141,"Wood County, Wisconsin",50796,30960,-,N,N,N,50424,26449,56432,61480,38680,64864,31575
56021,"Laramie County, Wyoming",60599,37740,71178,N,80553,42680,64220,37295,72464,71159,42435,75770,36989
56025,"Natrona County, Wyoming",52886,32564,N,-,-,33589,55100,26037,63274,50106,39743,70549,36510
72013,"Arecibo Municipio, Puerto Rico",16033,31102,9245,63048,"2,500-",16091,12827,9806,17627,16211,15489,19628,8955
72021,"Bayam√≥n Municipio, Puerto Rico",24810,70419,26017,-,-,24698,43795,8119,27472,29787,20578,29875,15671
72025,"Caguas Municipio, Puerto Rico",22686,50966,20070,-,-,22488,48897,9669,34009,22989,16489,29116,14288
72031,"Carolina Municipio, Puerto Rico",27039,63199,24451,17583,-,26681,37012,9680,34078,33459,20211,33628,16672
72061,"Guaynabo Municipio, Puerto Rico",36446,33758,9943,-,-,36522,N,21055,43638,45754,23341,45568,17174
72097,"Mayag√ºez Municipio, Puerto Rico",13037,30711,14838,-,-,12876,N,"2,500-",5389,20052,14837,16667,8485
72113,"Ponce Municipio, Puerto Rico",15418,51733,14509,-,-,15364,23839,"2,500-",13405,17903,15758,18760,9481
72127,"San Juan Municipio, Puerto Rico",18933,142756,16833,10350,14331,18765,32353,2698,17119,23188,17744,25289,12394
72135,"Toa Alta Municipio, Puerto Rico",32618,22193,N,-,-,32615,-,-,40986,36710,14819,34145,12316
72137,"Toa Baja Municipio, Puerto Rico",23392,26989,15417,-,-,23373,-,4833,26476,28358,15656,28066,12982
72139,"Trujillo Alto Municipio, Puerto Rico",30338,24626,28974,-,-,30725,-,27813,29898,40954,19555,35950,14594
